measure_name,state_name,ac_rank,ac_value,ac_score,ac_lower_ci,ac_upper_ci
Avoided Care due to Cost - Women,Alabama,45.0,23.3,1.14,25.5,21.0
Avoided Care due to Cost - Women,Alaska,34.0,19.1,0.16,23.1,15.2
Avoided Care due to Cost - Women,Arizona,35.0,19.5,0.26,21.5,17.4
Avoided Care due to Cost - Women,Arkansas,47.0,24.6,1.45,28.3,20.8
Avoided Care due to Cost - Women,California,19.0,15.5,-0.68,16.9,14.1
Avoided Care due to Cost - Women,Colorado,26.0,17.7,-0.16,19.3,16.1
Avoided Care due to Cost - Women,Connecticut,8.0,13.6,-1.12,15.3,11.8
Avoided Care due to Cost - Women,Delaware,24.0,17.3,-0.26,20.1,14.5
Avoided Care due to Cost - Women,Florida,48.0,25.3,1.61,27.3,23.3
Avoided Care due to Cost - Women,Georgia,39.0,21.8,0.79,24.1,19.5
Avoided Care due to Cost - Women,Hawaii,3.0,10.7,-1.8,12.4,8.9
Avoided Care due to Cost - Women,Idaho,37.0,20.8,0.56,23.5,18.1
Avoided Care due to Cost - Women,Illinois,19.0,15.5,-0.68,17.6,13.4
Avoided Care due to Cost - Women,Indiana,32.0,18.8,0.09,20.6,17.0
Avoided Care due to Cost - Women,Iowa,4.0,10.8,-1.77,12.4,9.1
Avoided Care due to Cost - Women,Kansas,25.0,17.5,-0.21,18.9,16.2
Avoided Care due to Cost - Women,Kentucky,17.0,15.3,-0.72,17.3,13.3
Avoided Care due to Cost - Women,Louisiana,41.0,21.9,0.82,24.7,19.1
Avoided Care due to Cost - Women,Maine,26.0,17.7,-0.16,20.1,15.4
Avoided Care due to Cost - Women,Maryland,13.0,14.7,-0.86,16.5,13.0
Avoided Care due to Cost - Women,Massachusetts,2.0,10.5,-1.84,12.3,8.6
Avoided Care due to Cost - Women,Michigan,22.0,15.8,-0.61,17.3,14.3
Avoided Care due to Cost - Women,Minnesota,9.0,13.7,-1.1,14.9,12.5
Avoided Care due to Cost - Women,Mississippi,49.0,26.0,1.77,28.9,23.2
Avoided Care due to Cost - Women,Missouri,39.0,21.8,0.79,24.3,19.3
Avoided Care due to Cost - Women,Montana,13.0,14.7,-0.86,17.1,12.4
Avoided Care due to Cost - Women,Nebraska,29.0,18.1,-0.07,19.8,16.4
Avoided Care due to Cost - Women,Nevada,37.0,20.8,0.56,23.8,17.8
Avoided Care due to Cost - Women,New Hampshire,18.0,15.4,-0.7,18.1,12.8
Avoided Care due to Cost - Women,New Jersey,31.0,18.6,0.05,20.9,16.3
Avoided Care due to Cost - Women,New Mexico,21.0,15.6,-0.65,17.9,13.3
Avoided Care due to Cost - Women,New York,11.0,14.5,-0.91,15.8,13.2
Avoided Care due to Cost - Women,North Carolina,44.0,23.0,1.07,25.3,20.6
Avoided Care due to Cost - Women,North Dakota,5.0,11.9,-1.52,14.0,9.8
Avoided Care due to Cost - Women,Ohio,7.0,13.2,-1.21,14.9,11.6
Avoided Care due to Cost - Women,Oklahoma,43.0,22.5,0.96,24.9,20.2
Avoided Care due to Cost - Women,Oregon,32.0,18.8,0.09,21.0,16.5
Avoided Care due to Cost - Women,Pennsylvania,10.0,13.8,-1.07,15.7,11.9
Avoided Care due to Cost - Women,Rhode Island,15.0,14.9,-0.82,17.5,12.3
Avoided Care due to Cost - Women,South Carolina,42.0,22.2,0.89,24.2,20.3
Avoided Care due to Cost - Women,South Dakota,6.0,12.2,-1.45,14.8,9.6
Avoided Care due to Cost - Women,Tennessee,29.0,18.1,-0.07,20.5,15.7
Avoided Care due to Cost - Women,Texas,50.0,26.8,1.96,29.3,24.3
Avoided Care due to Cost - Women,Utah,23.0,16.4,-0.47,17.9,14.9
Avoided Care due to Cost - Women,Vermont,1.0,10.1,-1.94,12.1,8.2
Avoided Care due to Cost - Women,Virginia,36.0,20.7,0.54,22.7,18.8
Avoided Care due to Cost - Women,Washington,16.0,15.1,-0.77,16.6,13.7
Avoided Care due to Cost - Women,West Virginia,26.0,17.7,-0.16,19.7,15.6
Avoided Care due to Cost - Women,Wisconsin,12.0,14.6,-0.89,16.9,12.2
Avoided Care due to Cost - Women,Wyoming,45.0,23.3,1.14,26.5,20.0
Avoided Care due to Cost - Women,District of Columbia,,12.7,,14.9,10.4
Avoided Care due to Cost - Women,United States,,18.4,,18.8,18.0
"Avoided Care due to Cost - Women - $25-$49,999",Alabama,38.0,25.4,0.51,31.1,19.6
"Avoided Care due to Cost - Women - $25-$49,999",Alaska,47.0,30.7,1.52,42.3,19.1
"Avoided Care due to Cost - Women - $25-$49,999",Arizona,41.0,26.7,0.76,32.7,20.8
"Avoided Care due to Cost - Women - $25-$49,999",Arkansas,30.0,23.1,0.08,31.3,15.0
"Avoided Care due to Cost - Women - $25-$49,999",California,9.0,18.3,-0.84,22.0,14.5
"Avoided Care due to Cost - Women - $25-$49,999",Colorado,42.0,26.8,0.78,31.4,22.3
"Avoided Care due to Cost - Women - $25-$49,999",Connecticut,16.0,20.1,-0.49,26.3,13.9
"Avoided Care due to Cost - Women - $25-$49,999",Delaware,34.0,23.9,0.23,31.2,16.6
"Avoided Care due to Cost - Women - $25-$49,999",Florida,39.0,26.0,0.63,30.3,21.7
"Avoided Care due to Cost - Women - $25-$49,999",Georgia,44.0,27.1,0.84,33.1,21.0
"Avoided Care due to Cost - Women - $25-$49,999",Hawaii,3.0,14.3,-1.6,20.3,8.2
"Avoided Care due to Cost - Women - $25-$49,999",Idaho,23.0,21.3,-0.27,27.8,14.9
"Avoided Care due to Cost - Women - $25-$49,999",Illinois,25.0,21.9,-0.15,27.7,16.1
"Avoided Care due to Cost - Women - $25-$49,999",Indiana,22.0,21.0,-0.32,25.1,16.9
"Avoided Care due to Cost - Women - $25-$49,999",Iowa,3.0,14.3,-1.6,18.5,10.1
"Avoided Care due to Cost - Women - $25-$49,999",Kansas,35.0,24.0,0.25,27.6,20.4
"Avoided Care due to Cost - Women - $25-$49,999",Kentucky,29.0,23.0,0.06,29.2,16.9
"Avoided Care due to Cost - Women - $25-$49,999",Louisiana,40.0,26.3,0.68,33.5,19.2
"Avoided Care due to Cost - Women - $25-$49,999",Maine,9.0,18.3,-0.84,23.2,13.4
"Avoided Care due to Cost - Women - $25-$49,999",Maryland,32.0,23.3,0.11,28.7,17.9
"Avoided Care due to Cost - Women - $25-$49,999",Massachusetts,2.0,12.6,-1.92,17.5,7.8
"Avoided Care due to Cost - Women - $25-$49,999",Michigan,25.0,21.9,-0.15,26.1,17.7
"Avoided Care due to Cost - Women - $25-$49,999",Minnesota,12.0,19.6,-0.59,23.1,16.1
"Avoided Care due to Cost - Women - $25-$49,999",Mississippi,31.0,23.2,0.1,29.0,17.4
"Avoided Care due to Cost - Women - $25-$49,999",Missouri,15.0,19.7,-0.57,25.2,14.2
"Avoided Care due to Cost - Women - $25-$49,999",Montana,37.0,24.1,0.27,31.2,16.9
"Avoided Care due to Cost - Women - $25-$49,999",Nebraska,35.0,24.0,0.25,28.7,19.3
"Avoided Care due to Cost - Women - $25-$49,999",Nevada,27.0,22.0,-0.13,29.8,14.3
"Avoided Care due to Cost - Women - $25-$49,999",New Hampshire,43.0,26.9,0.8,36.4,17.4
"Avoided Care due to Cost - Women - $25-$49,999",New Jersey,48.0,31.4,1.65,39.5,23.2
"Avoided Care due to Cost - Women - $25-$49,999",New Mexico,24.0,21.6,-0.21,28.1,15.1
"Avoided Care due to Cost - Women - $25-$49,999",New York,21.0,20.9,-0.34,25.2,16.7
"Avoided Care due to Cost - Women - $25-$49,999",North Carolina,33.0,23.4,0.13,28.7,18.0
"Avoided Care due to Cost - Women - $25-$49,999",North Dakota,7.0,16.1,-1.25,21.7,10.6
"Avoided Care due to Cost - Women - $25-$49,999",Ohio,8.0,16.5,-1.18,20.4,12.6
"Avoided Care due to Cost - Women - $25-$49,999",Oklahoma,19.0,20.8,-0.36,26.0,15.7
"Avoided Care due to Cost - Women - $25-$49,999",Oregon,46.0,29.2,1.24,36.1,22.2
"Avoided Care due to Cost - Women - $25-$49,999",Pennsylvania,19.0,20.8,-0.36,26.6,14.9
"Avoided Care due to Cost - Women - $25-$49,999",Rhode Island,18.0,20.3,-0.46,27.0,13.5
"Avoided Care due to Cost - Women - $25-$49,999",South Carolina,28.0,22.8,0.02,27.1,18.5
"Avoided Care due to Cost - Women - $25-$49,999",South Dakota,1.0,11.1,-2.0,16.4,5.8
"Avoided Care due to Cost - Women - $25-$49,999",Tennessee,12.0,19.6,-0.59,25.1,14.2
"Avoided Care due to Cost - Women - $25-$49,999",Texas,45.0,28.8,1.16,35.1,22.5
"Avoided Care due to Cost - Women - $25-$49,999",Utah,12.0,19.6,-0.59,23.6,15.6
"Avoided Care due to Cost - Women - $25-$49,999",Vermont,5.0,14.5,-1.56,19.1,9.8
"Avoided Care due to Cost - Women - $25-$49,999",Virginia,49.0,32.2,1.81,38.1,26.3
"Avoided Care due to Cost - Women - $25-$49,999",Washington,16.0,20.1,-0.49,24.1,16.1
"Avoided Care due to Cost - Women - $25-$49,999",West Virginia,11.0,19.1,-0.68,24.2,14.0
"Avoided Care due to Cost - Women - $25-$49,999",Wisconsin,6.0,15.8,-1.31,21.2,10.3
"Avoided Care due to Cost - Women - $25-$49,999",Wyoming,50.0,38.4,2.0,46.8,30.0
"Avoided Care due to Cost - Women - $25-$49,999",District of Columbia,,18.3,,25.9,10.8
"Avoided Care due to Cost - Women - $25-$49,999",United States,,22.7,,23.8,21.6
"Avoided Care due to Cost - Women - $50-$74,999",Alabama,,12.2,,17.2,7.2
"Avoided Care due to Cost - Women - $50-$74,999",Alaska,,20.8,,31.0,10.5
"Avoided Care due to Cost - Women - $50-$74,999",Arizona,,12.7,,17.0,8.3
"Avoided Care due to Cost - Women - $50-$74,999",Arkansas,,,,,
"Avoided Care due to Cost - Women - $50-$74,999",California,,15.9,,20.9,10.8
"Avoided Care due to Cost - Women - $50-$74,999",Colorado,,14.3,,18.4,10.3
"Avoided Care due to Cost - Women - $50-$74,999",Connecticut,,13.5,,18.8,8.3
"Avoided Care due to Cost - Women - $50-$74,999",Delaware,,21.4,,32.3,10.4
"Avoided Care due to Cost - Women - $50-$74,999",Florida,,21.9,,28.1,15.7
"Avoided Care due to Cost - Women - $50-$74,999",Georgia,,8.5,,12.6,4.3
"Avoided Care due to Cost - Women - $50-$74,999",Hawaii,,9.5,,14.1,5.0
"Avoided Care due to Cost - Women - $50-$74,999",Idaho,,13.4,,19.7,7.2
"Avoided Care due to Cost - Women - $50-$74,999",Illinois,,14.3,,21.5,7.2
"Avoided Care due to Cost - Women - $50-$74,999",Indiana,,15.4,,19.9,10.9
"Avoided Care due to Cost - Women - $50-$74,999",Iowa,,7.1,,11.0,3.2
"Avoided Care due to Cost - Women - $50-$74,999",Kansas,,10.5,,13.3,7.7
"Avoided Care due to Cost - Women - $50-$74,999",Kentucky,,15.6,,21.8,9.5
"Avoided Care due to Cost - Women - $50-$74,999",Louisiana,,13.5,,20.1,6.8
"Avoided Care due to Cost - Women - $50-$74,999",Maine,,16.7,,23.0,10.5
"Avoided Care due to Cost - Women - $50-$74,999",Maryland,,9.9,,13.7,6.0
"Avoided Care due to Cost - Women - $50-$74,999",Massachusetts,,11.1,,16.7,5.4
"Avoided Care due to Cost - Women - $50-$74,999",Michigan,,12.6,,16.3,8.9
"Avoided Care due to Cost - Women - $50-$74,999",Minnesota,,15.4,,18.7,12.2
"Avoided Care due to Cost - Women - $50-$74,999",Mississippi,,17.4,,25.5,9.3
"Avoided Care due to Cost - Women - $50-$74,999",Missouri,,11.2,,16.5,5.9
"Avoided Care due to Cost - Women - $50-$74,999",Montana,,8.3,,12.9,3.7
"Avoided Care due to Cost - Women - $50-$74,999",Nebraska,,11.2,,15.0,7.3
"Avoided Care due to Cost - Women - $50-$74,999",Nevada,,15.3,,23.6,7.0
"Avoided Care due to Cost - Women - $50-$74,999",New Hampshire,,15.9,,23.6,8.1
"Avoided Care due to Cost - Women - $50-$74,999",New Jersey,,13.8,,19.9,7.7
"Avoided Care due to Cost - Women - $50-$74,999",New Mexico,,14.8,,21.1,8.6
"Avoided Care due to Cost - Women - $50-$74,999",New York,,17.4,,22.4,12.5
"Avoided Care due to Cost - Women - $50-$74,999",North Carolina,,23.5,,30.8,16.1
"Avoided Care due to Cost - Women - $50-$74,999",North Dakota,,13.9,,20.1,7.7
"Avoided Care due to Cost - Women - $50-$74,999",Ohio,,11.0,,15.9,6.1
"Avoided Care due to Cost - Women - $50-$74,999",Oklahoma,,23.4,,30.1,16.7
"Avoided Care due to Cost - Women - $50-$74,999",Oregon,,12.9,,17.9,8.0
"Avoided Care due to Cost - Women - $50-$74,999",Pennsylvania,,14.8,,19.9,9.7
"Avoided Care due to Cost - Women - $50-$74,999",Rhode Island,,13.4,,20.7,6.1
"Avoided Care due to Cost - Women - $50-$74,999",South Carolina,,17.7,,23.3,12.0
"Avoided Care due to Cost - Women - $50-$74,999",South Dakota,,,,,
"Avoided Care due to Cost - Women - $50-$74,999",Tennessee,,20.7,,28.2,13.1
"Avoided Care due to Cost - Women - $50-$74,999",Texas,,26.7,,35.5,17.9
"Avoided Care due to Cost - Women - $50-$74,999",Utah,,15.3,,18.9,11.6
"Avoided Care due to Cost - Women - $50-$74,999",Vermont,,11.3,,16.6,6.1
"Avoided Care due to Cost - Women - $50-$74,999",Virginia,,9.9,,13.8,6.0
"Avoided Care due to Cost - Women - $50-$74,999",Washington,,17.2,,21.3,13.1
"Avoided Care due to Cost - Women - $50-$74,999",West Virginia,,18.0,,24.2,11.8
"Avoided Care due to Cost - Women - $50-$74,999",Wisconsin,,14.7,,20.3,9.0
"Avoided Care due to Cost - Women - $50-$74,999",Wyoming,,15.9,,22.9,8.9
"Avoided Care due to Cost - Women - $50-$74,999",District of Columbia,,8.5,,13.4,3.5
"Avoided Care due to Cost - Women - $50-$74,999",United States,,15.8,,16.9,14.6
"Avoided Care due to Cost - Women - $75,000 or More",Alabama,,,,,
"Avoided Care due to Cost - Women - $75,000 or More",Alaska,,10.2,,15.2,5.2
"Avoided Care due to Cost - Women - $75,000 or More",Arizona,,9.6,,12.7,6.6
"Avoided Care due to Cost - Women - $75,000 or More",Arkansas,,,,,
"Avoided Care due to Cost - Women - $75,000 or More",California,,7.7,,9.8,5.6
"Avoided Care due to Cost - Women - $75,000 or More",Colorado,,7.1,,9.0,5.2
"Avoided Care due to Cost - Women - $75,000 or More",Connecticut,,6.0,,8.1,4.0
"Avoided Care due to Cost - Women - $75,000 or More",Delaware,,,,,
"Avoided Care due to Cost - Women - $75,000 or More",Florida,,8.2,,11.0,5.5
"Avoided Care due to Cost - Women - $75,000 or More",Georgia,,6.8,,10.1,3.6
"Avoided Care due to Cost - Women - $75,000 or More",Hawaii,,6.1,,8.5,3.6
"Avoided Care due to Cost - Women - $75,000 or More",Idaho,,,,,
"Avoided Care due to Cost - Women - $75,000 or More",Illinois,,7.1,,10.3,3.9
"Avoided Care due to Cost - Women - $75,000 or More",Indiana,,6.1,,8.6,3.7
"Avoided Care due to Cost - Women - $75,000 or More",Iowa,,2.7,,4.2,1.2
"Avoided Care due to Cost - Women - $75,000 or More",Kansas,,4.1,,5.4,2.7
"Avoided Care due to Cost - Women - $75,000 or More",Kentucky,,5.5,,7.7,3.4
"Avoided Care due to Cost - Women - $75,000 or More",Louisiana,,9.9,,14.3,5.5
"Avoided Care due to Cost - Women - $75,000 or More",Maine,,6.3,,9.0,3.6
"Avoided Care due to Cost - Women - $75,000 or More",Maryland,,5.2,,6.7,3.7
"Avoided Care due to Cost - Women - $75,000 or More",Massachusetts,,6.2,,8.9,3.4
"Avoided Care due to Cost - Women - $75,000 or More",Michigan,,8.6,,11.0,6.2
"Avoided Care due to Cost - Women - $75,000 or More",Minnesota,,6.8,,8.4,5.3
"Avoided Care due to Cost - Women - $75,000 or More",Mississippi,,,,,
"Avoided Care due to Cost - Women - $75,000 or More",Missouri,,8.8,,12.9,4.7
"Avoided Care due to Cost - Women - $75,000 or More",Montana,,7.5,,11.4,3.6
"Avoided Care due to Cost - Women - $75,000 or More",Nebraska,,5.4,,7.8,3.0
"Avoided Care due to Cost - Women - $75,000 or More",Nevada,,4.6,,7.1,2.1
"Avoided Care due to Cost - Women - $75,000 or More",New Hampshire,,4.2,,6.6,1.9
"Avoided Care due to Cost - Women - $75,000 or More",New Jersey,,6.9,,9.5,4.4
"Avoided Care due to Cost - Women - $75,000 or More",New Mexico,,8.1,,12.8,3.4
"Avoided Care due to Cost - Women - $75,000 or More",New York,,7.9,,9.9,5.9
"Avoided Care due to Cost - Women - $75,000 or More",North Carolina,,7.1,,10.4,3.8
"Avoided Care due to Cost - Women - $75,000 or More",North Dakota,,4.0,,5.9,2.1
"Avoided Care due to Cost - Women - $75,000 or More",Ohio,,6.2,,8.5,3.9
"Avoided Care due to Cost - Women - $75,000 or More",Oklahoma,,4.2,,6.4,2.0
"Avoided Care due to Cost - Women - $75,000 or More",Oregon,,4.7,,6.7,2.7
"Avoided Care due to Cost - Women - $75,000 or More",Pennsylvania,,5.9,,8.3,3.5
"Avoided Care due to Cost - Women - $75,000 or More",Rhode Island,,7.2,,10.9,3.5
"Avoided Care due to Cost - Women - $75,000 or More",South Carolina,,7.6,,10.4,4.7
"Avoided Care due to Cost - Women - $75,000 or More",South Dakota,,,,,
"Avoided Care due to Cost - Women - $75,000 or More",Tennessee,,,,,
"Avoided Care due to Cost - Women - $75,000 or More",Texas,,8.1,,11.2,5.1
"Avoided Care due to Cost - Women - $75,000 or More",Utah,,7.1,,8.9,5.2
"Avoided Care due to Cost - Women - $75,000 or More",Vermont,,4.3,,6.4,2.2
"Avoided Care due to Cost - Women - $75,000 or More",Virginia,,7.5,,9.7,5.2
"Avoided Care due to Cost - Women - $75,000 or More",Washington,,6.7,,8.4,5.0
"Avoided Care due to Cost - Women - $75,000 or More",West Virginia,,9.4,,13.0,5.7
"Avoided Care due to Cost - Women - $75,000 or More",Wisconsin,,6.3,,9.2,3.4
"Avoided Care due to Cost - Women - $75,000 or More",Wyoming,,8.7,,12.9,4.6
"Avoided Care due to Cost - Women - $75,000 or More",District of Columbia,,7.0,,9.8,4.2
"Avoided Care due to Cost - Women - $75,000 or More",United States,,7.1,,7.6,6.5
Avoided Care due to Cost - Women - American Indian/Alaska Native,Alabama,,,,,
Avoided Care due to Cost - Women - American Indian/Alaska Native,Alaska,,,,,
Avoided Care due to Cost - Women - American Indian/Alaska Native,Arizona,,14.1,,21.6,6.7
Avoided Care due to Cost - Women - American Indian/Alaska Native,Arkansas,,,,,
Avoided Care due to Cost - Women - American Indian/Alaska Native,California,,,,,
Avoided Care due to Cost - Women - American Indian/Alaska Native,Colorado,,,,,
Avoided Care due to Cost - Women - American Indian/Alaska Native,Connecticut,,,,,
Avoided Care due to Cost - Women - American Indian/Alaska Native,Delaware,,,,,
Avoided Care due to Cost - Women - American Indian/Alaska Native,Florida,,,,,
Avoided Care due to Cost - Women - American Indian/Alaska Native,Georgia,,,,,
Avoided Care due to Cost - Women - American Indian/Alaska Native,Hawaii,,,,,
Avoided Care due to Cost - Women - American Indian/Alaska Native,Idaho,,,,,
Avoided Care due to Cost - Women - American Indian/Alaska Native,Illinois,,,,,
Avoided Care due to Cost - Women - American Indian/Alaska Native,Indiana,,,,,
Avoided Care due to Cost - Women - American Indian/Alaska Native,Iowa,,,,,
Avoided Care due to Cost - Women - American Indian/Alaska Native,Kansas,,,,,
Avoided Care due to Cost - Women - American Indian/Alaska Native,Kentucky,,,,,
Avoided Care due to Cost - Women - American Indian/Alaska Native,Louisiana,,,,,
Avoided Care due to Cost - Women - American Indian/Alaska Native,Maine,,,,,
Avoided Care due to Cost - Women - American Indian/Alaska Native,Maryland,,,,,
Avoided Care due to Cost - Women - American Indian/Alaska Native,Massachusetts,,,,,
Avoided Care due to Cost - Women - American Indian/Alaska Native,Michigan,,,,,
Avoided Care due to Cost - Women - American Indian/Alaska Native,Minnesota,,,,,
Avoided Care due to Cost - Women - American Indian/Alaska Native,Mississippi,,,,,
Avoided Care due to Cost - Women - American Indian/Alaska Native,Missouri,,,,,
Avoided Care due to Cost - Women - American Indian/Alaska Native,Montana,,19.5,,28.7,10.4
Avoided Care due to Cost - Women - American Indian/Alaska Native,Nebraska,,29.7,,47.1,12.2
Avoided Care due to Cost - Women - American Indian/Alaska Native,Nevada,,,,,
Avoided Care due to Cost - Women - American Indian/Alaska Native,New Hampshire,,,,,
Avoided Care due to Cost - Women - American Indian/Alaska Native,New Jersey,,,,,
Avoided Care due to Cost - Women - American Indian/Alaska Native,New Mexico,,9.9,,15.2,4.5
Avoided Care due to Cost - Women - American Indian/Alaska Native,New York,,,,,
Avoided Care due to Cost - Women - American Indian/Alaska Native,North Carolina,,36.3,,55.3,17.3
Avoided Care due to Cost - Women - American Indian/Alaska Native,North Dakota,,,,,
Avoided Care due to Cost - Women - American Indian/Alaska Native,Ohio,,,,,
Avoided Care due to Cost - Women - American Indian/Alaska Native,Oklahoma,,14.8,,21.1,8.4
Avoided Care due to Cost - Women - American Indian/Alaska Native,Oregon,,,,,
Avoided Care due to Cost - Women - American Indian/Alaska Native,Pennsylvania,,,,,
Avoided Care due to Cost - Women - American Indian/Alaska Native,Rhode Island,,,,,
Avoided Care due to Cost - Women - American Indian/Alaska Native,South Carolina,,,,,
Avoided Care due to Cost - Women - American Indian/Alaska Native,South Dakota,,17.1,,24.2,10.1
Avoided Care due to Cost - Women - American Indian/Alaska Native,Tennessee,,,,,
Avoided Care due to Cost - Women - American Indian/Alaska Native,Texas,,,,,
Avoided Care due to Cost - Women - American Indian/Alaska Native,Utah,,28.7,,44.1,13.4
Avoided Care due to Cost - Women - American Indian/Alaska Native,Vermont,,,,,
Avoided Care due to Cost - Women - American Indian/Alaska Native,Virginia,,,,,
Avoided Care due to Cost - Women - American Indian/Alaska Native,Washington,,,,,
Avoided Care due to Cost - Women - American Indian/Alaska Native,West Virginia,,,,,
Avoided Care due to Cost - Women - American Indian/Alaska Native,Wisconsin,,,,,
Avoided Care due to Cost - Women - American Indian/Alaska Native,Wyoming,,,,,
Avoided Care due to Cost - Women - American Indian/Alaska Native,District of Columbia,,,,,
Avoided Care due to Cost - Women - American Indian/Alaska Native,United States,,22.8,,26.9,18.7
Avoided Care due to Cost - Women - Asian,Alabama,,,,,
Avoided Care due to Cost - Women - Asian,Alaska,,,,,
Avoided Care due to Cost - Women - Asian,Arizona,,,,,
Avoided Care due to Cost - Women - Asian,Arkansas,,,,,
Avoided Care due to Cost - Women - Asian,California,,6.6,,9.1,4.2
Avoided Care due to Cost - Women - Asian,Colorado,,,,,
Avoided Care due to Cost - Women - Asian,Connecticut,,,,,
Avoided Care due to Cost - Women - Asian,Delaware,,,,,
Avoided Care due to Cost - Women - Asian,Florida,,16.8,,26.4,7.2
Avoided Care due to Cost - Women - Asian,Georgia,,,,,
Avoided Care due to Cost - Women - Asian,Hawaii,,5.9,,8.6,3.1
Avoided Care due to Cost - Women - Asian,Idaho,,,,,
Avoided Care due to Cost - Women - Asian,Illinois,,,,,
Avoided Care due to Cost - Women - Asian,Indiana,,28.4,,42.5,14.4
Avoided Care due to Cost - Women - Asian,Iowa,,,,,
Avoided Care due to Cost - Women - Asian,Kansas,,,,,
Avoided Care due to Cost - Women - Asian,Kentucky,,,,,
Avoided Care due to Cost - Women - Asian,Louisiana,,,,,
Avoided Care due to Cost - Women - Asian,Maine,,,,,
Avoided Care due to Cost - Women - Asian,Maryland,,12.6,,19.6,5.6
Avoided Care due to Cost - Women - Asian,Massachusetts,,,,,
Avoided Care due to Cost - Women - Asian,Michigan,,,,,
Avoided Care due to Cost - Women - Asian,Minnesota,,11.6,,16.3,7.0
Avoided Care due to Cost - Women - Asian,Mississippi,,,,,
Avoided Care due to Cost - Women - Asian,Missouri,,,,,
Avoided Care due to Cost - Women - Asian,Montana,,,,,
Avoided Care due to Cost - Women - Asian,Nebraska,,,,,
Avoided Care due to Cost - Women - Asian,Nevada,,,,,
Avoided Care due to Cost - Women - Asian,New Hampshire,,,,,
Avoided Care due to Cost - Women - Asian,New Jersey,,12.7,,18.6,6.8
Avoided Care due to Cost - Women - Asian,New Mexico,,,,,
Avoided Care due to Cost - Women - Asian,New York,,12.1,,16.4,7.8
Avoided Care due to Cost - Women - Asian,North Carolina,,,,,
Avoided Care due to Cost - Women - Asian,North Dakota,,,,,
Avoided Care due to Cost - Women - Asian,Ohio,,,,,
Avoided Care due to Cost - Women - Asian,Oklahoma,,,,,
Avoided Care due to Cost - Women - Asian,Oregon,,,,,
Avoided Care due to Cost - Women - Asian,Pennsylvania,,,,,
Avoided Care due to Cost - Women - Asian,Rhode Island,,,,,
Avoided Care due to Cost - Women - Asian,South Carolina,,,,,
Avoided Care due to Cost - Women - Asian,South Dakota,,,,,
Avoided Care due to Cost - Women - Asian,Tennessee,,,,,
Avoided Care due to Cost - Women - Asian,Texas,,,,,
Avoided Care due to Cost - Women - Asian,Utah,,,,,
Avoided Care due to Cost - Women - Asian,Vermont,,,,,
Avoided Care due to Cost - Women - Asian,Virginia,,11.1,,17.6,4.6
Avoided Care due to Cost - Women - Asian,Washington,,12.8,,18.2,7.4
Avoided Care due to Cost - Women - Asian,West Virginia,,,,,
Avoided Care due to Cost - Women - Asian,Wisconsin,,,,,
Avoided Care due to Cost - Women - Asian,Wyoming,,,,,
Avoided Care due to Cost - Women - Asian,District of Columbia,,,,,
Avoided Care due to Cost - Women - Asian,United States,,10.9,,12.6,9.2
Avoided Care due to Cost - Women - Black,Alabama,,21.8,,25.3,18.2
Avoided Care due to Cost - Women - Black,Alaska,,,,,
Avoided Care due to Cost - Women - Black,Arizona,,19.8,,30.5,9.2
Avoided Care due to Cost - Women - Black,Arkansas,,20.5,,28.1,12.9
Avoided Care due to Cost - Women - Black,California,,12.6,,18.1,7.1
Avoided Care due to Cost - Women - Black,Colorado,,20.0,,29.5,10.6
Avoided Care due to Cost - Women - Black,Connecticut,,7.2,,10.6,3.8
Avoided Care due to Cost - Women - Black,Delaware,,15.6,,21.6,9.5
Avoided Care due to Cost - Women - Black,Florida,,26.9,,31.9,21.8
Avoided Care due to Cost - Women - Black,Georgia,,21.0,,25.0,17.0
Avoided Care due to Cost - Women - Black,Hawaii,,,,,
Avoided Care due to Cost - Women - Black,Idaho,,,,,
Avoided Care due to Cost - Women - Black,Illinois,,13.3,,18.1,8.5
Avoided Care due to Cost - Women - Black,Indiana,,22.2,,28.3,16.0
Avoided Care due to Cost - Women - Black,Iowa,,,,,
Avoided Care due to Cost - Women - Black,Kansas,,22.7,,30.1,15.4
Avoided Care due to Cost - Women - Black,Kentucky,,11.3,,16.6,6.0
Avoided Care due to Cost - Women - Black,Louisiana,,23.2,,28.0,18.5
Avoided Care due to Cost - Women - Black,Maine,,,,,
Avoided Care due to Cost - Women - Black,Maryland,,12.6,,15.3,9.9
Avoided Care due to Cost - Women - Black,Massachusetts,,,,,
Avoided Care due to Cost - Women - Black,Michigan,,17.6,,21.5,13.7
Avoided Care due to Cost - Women - Black,Minnesota,,20.7,,26.4,15.0
Avoided Care due to Cost - Women - Black,Mississippi,,28.5,,33.2,23.8
Avoided Care due to Cost - Women - Black,Missouri,,30.6,,38.8,22.4
Avoided Care due to Cost - Women - Black,Montana,,,,,
Avoided Care due to Cost - Women - Black,Nebraska,,32.3,,43.1,21.5
Avoided Care due to Cost - Women - Black,Nevada,,,,,
Avoided Care due to Cost - Women - Black,New Hampshire,,,,,
Avoided Care due to Cost - Women - Black,New Jersey,,21.2,,26.9,15.5
Avoided Care due to Cost - Women - Black,New Mexico,,,,,
Avoided Care due to Cost - Women - Black,New York,,12.4,,15.4,9.4
Avoided Care due to Cost - Women - Black,North Carolina,,25.9,,31.1,20.8
Avoided Care due to Cost - Women - Black,North Dakota,,,,,
Avoided Care due to Cost - Women - Black,Ohio,,12.6,,17.3,8.0
Avoided Care due to Cost - Women - Black,Oklahoma,,24.7,,32.9,16.5
Avoided Care due to Cost - Women - Black,Oregon,,,,,
Avoided Care due to Cost - Women - Black,Pennsylvania,,11.9,,16.5,7.4
Avoided Care due to Cost - Women - Black,Rhode Island,,,,,
Avoided Care due to Cost - Women - Black,South Carolina,,23.7,,27.3,20.1
Avoided Care due to Cost - Women - Black,South Dakota,,,,,
Avoided Care due to Cost - Women - Black,Tennessee,,15.3,,21.0,9.6
Avoided Care due to Cost - Women - Black,Texas,,33.8,,42.0,25.5
Avoided Care due to Cost - Women - Black,Utah,,,,,
Avoided Care due to Cost - Women - Black,Vermont,,,,,
Avoided Care due to Cost - Women - Black,Virginia,,23.5,,27.9,19.1
Avoided Care due to Cost - Women - Black,Washington,,14.8,,22.6,6.9
Avoided Care due to Cost - Women - Black,West Virginia,,,,,
Avoided Care due to Cost - Women - Black,Wisconsin,,,,,
Avoided Care due to Cost - Women - Black,Wyoming,,,,,
Avoided Care due to Cost - Women - Black,District of Columbia,,11.6,,14.2,9.0
Avoided Care due to Cost - Women - Black,United States,,20.4,,21.6,19.1
Avoided Care due to Cost - Women - College Grad,Alabama,22.0,10.2,-0.25,12.8,7.7
Avoided Care due to Cost - Women - College Grad,Alaska,46.0,13.3,1.03,18.5,8.1
Avoided Care due to Cost - Women - College Grad,Arizona,40.0,12.1,0.54,14.5,9.7
Avoided Care due to Cost - Women - College Grad,Arkansas,35.0,11.6,0.33,16.3,7.0
Avoided Care due to Cost - Women - College Grad,California,24.0,10.7,-0.04,12.5,8.9
Avoided Care due to Cost - Women - College Grad,Colorado,24.0,10.7,-0.04,12.5,8.8
Avoided Care due to Cost - Women - College Grad,Connecticut,10.0,8.2,-1.07,10.1,6.4
Avoided Care due to Cost - Women - College Grad,Delaware,45.0,12.7,0.79,16.9,8.4
Avoided Care due to Cost - Women - College Grad,Florida,47.0,14.0,1.32,16.7,11.3
Avoided Care due to Cost - Women - College Grad,Georgia,39.0,12.0,0.5,14.8,9.2
Avoided Care due to Cost - Women - College Grad,Hawaii,5.0,7.0,-1.57,8.8,5.1
Avoided Care due to Cost - Women - College Grad,Idaho,10.0,8.2,-1.07,10.9,5.5
Avoided Care due to Cost - Women - College Grad,Illinois,20.0,9.8,-0.41,12.2,7.4
Avoided Care due to Cost - Women - College Grad,Indiana,28.0,10.9,0.04,13.3,8.5
Avoided Care due to Cost - Women - College Grad,Iowa,3.0,6.0,-1.98,8.0,4.0
Avoided Care due to Cost - Women - College Grad,Kansas,15.0,8.8,-0.83,10.3,7.3
Avoided Care due to Cost - Women - College Grad,Kentucky,36.0,11.7,0.37,14.6,8.7
Avoided Care due to Cost - Women - College Grad,Louisiana,41.0,12.4,0.66,15.8,9.0
Avoided Care due to Cost - Women - College Grad,Maine,30.0,11.0,0.08,13.9,8.0
Avoided Care due to Cost - Women - College Grad,Maryland,7.0,7.4,-1.41,8.9,5.9
Avoided Care due to Cost - Women - College Grad,Massachusetts,4.0,6.9,-1.61,8.7,5.1
Avoided Care due to Cost - Women - College Grad,Michigan,28.0,10.9,0.04,12.8,8.9
Avoided Care due to Cost - Women - College Grad,Minnesota,16.0,8.9,-0.79,10.3,7.6
Avoided Care due to Cost - Women - College Grad,Mississippi,48.0,14.5,1.53,18.0,11.0
Avoided Care due to Cost - Women - College Grad,Missouri,9.0,8.1,-1.12,10.8,5.5
Avoided Care due to Cost - Women - College Grad,Montana,42.0,12.5,0.7,16.1,8.8
Avoided Care due to Cost - Women - College Grad,Nebraska,8.0,7.5,-1.36,9.5,5.5
Avoided Care due to Cost - Women - College Grad,Nevada,13.0,8.6,-0.91,12.2,5.0
Avoided Care due to Cost - Women - College Grad,New Hampshire,14.0,8.7,-0.87,11.4,6.0
Avoided Care due to Cost - Women - College Grad,New Jersey,24.0,10.7,-0.04,13.6,7.8
Avoided Care due to Cost - Women - College Grad,New Mexico,32.0,11.1,0.12,14.1,8.0
Avoided Care due to Cost - Women - College Grad,New York,36.0,11.7,0.37,13.5,9.9
Avoided Care due to Cost - Women - College Grad,North Carolina,44.0,12.6,0.74,15.5,9.7
Avoided Care due to Cost - Women - College Grad,North Dakota,1.0,3.6,-2.0,5.4,1.9
Avoided Care due to Cost - Women - College Grad,Ohio,6.0,7.2,-1.49,9.1,5.3
Avoided Care due to Cost - Women - College Grad,Oklahoma,38.0,11.9,0.45,14.9,8.9
Avoided Care due to Cost - Women - College Grad,Oregon,42.0,12.5,0.7,15.0,10.0
Avoided Care due to Cost - Women - College Grad,Pennsylvania,30.0,11.0,0.08,13.4,8.5
Avoided Care due to Cost - Women - College Grad,Rhode Island,17.0,9.3,-0.62,12.2,6.3
Avoided Care due to Cost - Women - College Grad,South Carolina,48.0,14.5,1.53,17.3,11.6
Avoided Care due to Cost - Women - College Grad,South Dakota,2.0,5.3,-2.0,7.3,3.3
Avoided Care due to Cost - Women - College Grad,Tennessee,33.0,11.3,0.21,14.4,8.1
Avoided Care due to Cost - Women - College Grad,Texas,50.0,14.6,1.57,18.2,11.0
Avoided Care due to Cost - Women - College Grad,Utah,21.0,10.0,-0.33,11.8,8.2
Avoided Care due to Cost - Women - College Grad,Vermont,12.0,8.5,-0.95,10.7,6.3
Avoided Care due to Cost - Women - College Grad,Virginia,22.0,10.2,-0.25,12.3,8.0
Avoided Care due to Cost - Women - College Grad,Washington,18.0,9.5,-0.54,11.2,7.9
Avoided Care due to Cost - Women - College Grad,West Virginia,27.0,10.8,0.0,13.5,8.1
Avoided Care due to Cost - Women - College Grad,Wisconsin,19.0,9.6,-0.5,12.3,6.8
Avoided Care due to Cost - Women - College Grad,Wyoming,34.0,11.4,0.25,15.3,7.5
Avoided Care due to Cost - Women - College Grad,District of Columbia,,9.3,,11.8,6.8
Avoided Care due to Cost - Women - College Grad,United States,,10.8,,11.4,10.3
Avoided Care due to Cost - Women - Hawaiian/Pacific Islander,Alabama,,,,,
Avoided Care due to Cost - Women - Hawaiian/Pacific Islander,Alaska,,,,,
Avoided Care due to Cost - Women - Hawaiian/Pacific Islander,Arizona,,,,,
Avoided Care due to Cost - Women - Hawaiian/Pacific Islander,Arkansas,,,,,
Avoided Care due to Cost - Women - Hawaiian/Pacific Islander,California,,,,,
Avoided Care due to Cost - Women - Hawaiian/Pacific Islander,Colorado,,,,,
Avoided Care due to Cost - Women - Hawaiian/Pacific Islander,Connecticut,,,,,
Avoided Care due to Cost - Women - Hawaiian/Pacific Islander,Delaware,,,,,
Avoided Care due to Cost - Women - Hawaiian/Pacific Islander,Florida,,,,,
Avoided Care due to Cost - Women - Hawaiian/Pacific Islander,Georgia,,,,,
Avoided Care due to Cost - Women - Hawaiian/Pacific Islander,Hawaii,,28.0,,37.3,18.6
Avoided Care due to Cost - Women - Hawaiian/Pacific Islander,Idaho,,,,,
Avoided Care due to Cost - Women - Hawaiian/Pacific Islander,Illinois,,,,,
Avoided Care due to Cost - Women - Hawaiian/Pacific Islander,Indiana,,,,,
Avoided Care due to Cost - Women - Hawaiian/Pacific Islander,Iowa,,,,,
Avoided Care due to Cost - Women - Hawaiian/Pacific Islander,Kansas,,,,,
Avoided Care due to Cost - Women - Hawaiian/Pacific Islander,Kentucky,,,,,
Avoided Care due to Cost - Women - Hawaiian/Pacific Islander,Louisiana,,,,,
Avoided Care due to Cost - Women - Hawaiian/Pacific Islander,Maine,,,,,
Avoided Care due to Cost - Women - Hawaiian/Pacific Islander,Maryland,,,,,
Avoided Care due to Cost - Women - Hawaiian/Pacific Islander,Massachusetts,,,,,
Avoided Care due to Cost - Women - Hawaiian/Pacific Islander,Michigan,,,,,
Avoided Care due to Cost - Women - Hawaiian/Pacific Islander,Minnesota,,,,,
Avoided Care due to Cost - Women - Hawaiian/Pacific Islander,Mississippi,,,,,
Avoided Care due to Cost - Women - Hawaiian/Pacific Islander,Missouri,,,,,
Avoided Care due to Cost - Women - Hawaiian/Pacific Islander,Montana,,,,,
Avoided Care due to Cost - Women - Hawaiian/Pacific Islander,Nebraska,,,,,
Avoided Care due to Cost - Women - Hawaiian/Pacific Islander,Nevada,,,,,
Avoided Care due to Cost - Women - Hawaiian/Pacific Islander,New Hampshire,,,,,
Avoided Care due to Cost - Women - Hawaiian/Pacific Islander,New Jersey,,,,,
Avoided Care due to Cost - Women - Hawaiian/Pacific Islander,New Mexico,,,,,
Avoided Care due to Cost - Women - Hawaiian/Pacific Islander,New York,,,,,
Avoided Care due to Cost - Women - Hawaiian/Pacific Islander,North Carolina,,,,,
Avoided Care due to Cost - Women - Hawaiian/Pacific Islander,North Dakota,,,,,
Avoided Care due to Cost - Women - Hawaiian/Pacific Islander,Ohio,,,,,
Avoided Care due to Cost - Women - Hawaiian/Pacific Islander,Oklahoma,,,,,
Avoided Care due to Cost - Women - Hawaiian/Pacific Islander,Oregon,,,,,
Avoided Care due to Cost - Women - Hawaiian/Pacific Islander,Pennsylvania,,,,,
Avoided Care due to Cost - Women - Hawaiian/Pacific Islander,Rhode Island,,,,,
Avoided Care due to Cost - Women - Hawaiian/Pacific Islander,South Carolina,,,,,
Avoided Care due to Cost - Women - Hawaiian/Pacific Islander,South Dakota,,,,,
Avoided Care due to Cost - Women - Hawaiian/Pacific Islander,Tennessee,,,,,
Avoided Care due to Cost - Women - Hawaiian/Pacific Islander,Texas,,,,,
Avoided Care due to Cost - Women - Hawaiian/Pacific Islander,Utah,,,,,
Avoided Care due to Cost - Women - Hawaiian/Pacific Islander,Vermont,,,,,
Avoided Care due to Cost - Women - Hawaiian/Pacific Islander,Virginia,,,,,
Avoided Care due to Cost - Women - Hawaiian/Pacific Islander,Washington,,,,,
Avoided Care due to Cost - Women - Hawaiian/Pacific Islander,West Virginia,,,,,
Avoided Care due to Cost - Women - Hawaiian/Pacific Islander,Wisconsin,,,,,
Avoided Care due to Cost - Women - Hawaiian/Pacific Islander,Wyoming,,,,,
Avoided Care due to Cost - Women - Hawaiian/Pacific Islander,District of Columbia,,,,,
Avoided Care due to Cost - Women - Hawaiian/Pacific Islander,United States,,22.2,,28.1,16.3
Avoided Care due to Cost - Women - High School Grad,Alabama,42.0,29.3,1.06,34.2,24.5
Avoided Care due to Cost - Women - High School Grad,Alaska,36.0,24.5,0.3,35.1,13.8
Avoided Care due to Cost - Women - High School Grad,Arizona,20.0,19.7,-0.46,24.4,15.0
Avoided Care due to Cost - Women - High School Grad,Arkansas,41.0,28.3,0.9,36.2,20.4
Avoided Care due to Cost - Women - High School Grad,California,17.0,18.1,-0.71,21.8,14.4
Avoided Care due to Cost - Women - High School Grad,Colorado,13.0,16.1,-1.03,20.1,12.0
Avoided Care due to Cost - Women - High School Grad,Connecticut,14.0,17.2,-0.85,21.8,12.5
Avoided Care due to Cost - Women - High School Grad,Delaware,12.0,16.0,-1.04,21.8,10.3
Avoided Care due to Cost - Women - High School Grad,Florida,43.0,30.4,1.23,36.1,24.7
Avoided Care due to Cost - Women - High School Grad,Georgia,47.0,32.7,1.6,38.8,26.5
Avoided Care due to Cost - Women - High School Grad,Hawaii,1.0,10.9,-1.85,14.7,7.1
Avoided Care due to Cost - Women - High School Grad,Idaho,37.0,25.1,0.4,31.2,18.9
Avoided Care due to Cost - Women - High School Grad,Illinois,10.0,15.7,-1.09,21.7,9.7
Avoided Care due to Cost - Women - High School Grad,Indiana,21.0,19.9,-0.43,23.9,15.9
Avoided Care due to Cost - Women - High School Grad,Iowa,2.0,11.9,-1.69,16.2,7.6
Avoided Care due to Cost - Women - High School Grad,Kansas,34.0,24.3,0.27,28.1,20.6
Avoided Care due to Cost - Women - High School Grad,Kentucky,23.0,20.0,-0.41,25.2,14.9
Avoided Care due to Cost - Women - High School Grad,Louisiana,33.0,24.2,0.25,30.5,17.9
Avoided Care due to Cost - Women - High School Grad,Maine,40.0,26.8,0.66,32.8,20.8
Avoided Care due to Cost - Women - High School Grad,Maryland,21.0,19.9,-0.43,24.3,15.5
Avoided Care due to Cost - Women - High School Grad,Massachusetts,6.0,14.5,-1.28,20.3,8.7
Avoided Care due to Cost - Women - High School Grad,Michigan,24.0,20.6,-0.32,24.7,16.5
Avoided Care due to Cost - Women - High School Grad,Minnesota,15.0,17.3,-0.84,21.0,13.6
Avoided Care due to Cost - Women - High School Grad,Mississippi,48.0,32.8,1.61,39.3,26.4
Avoided Care due to Cost - Women - High School Grad,Missouri,46.0,31.8,1.45,39.0,24.6
Avoided Care due to Cost - Women - High School Grad,Montana,28.0,21.6,-0.16,28.0,15.2
Avoided Care due to Cost - Women - High School Grad,Nebraska,32.0,22.9,0.05,27.3,18.5
Avoided Care due to Cost - Women - High School Grad,Nevada,38.0,25.7,0.49,33.0,18.5
Avoided Care due to Cost - Women - High School Grad,New Hampshire,30.0,22.3,-0.05,29.5,15.0
Avoided Care due to Cost - Women - High School Grad,New Jersey,35.0,24.4,0.28,31.2,17.6
Avoided Care due to Cost - Women - High School Grad,New Mexico,8.0,14.9,-1.22,19.1,10.6
Avoided Care due to Cost - Women - High School Grad,New York,2.0,11.9,-1.69,14.5,9.3
Avoided Care due to Cost - Women - High School Grad,North Carolina,49.0,34.0,1.8,40.4,27.6
Avoided Care due to Cost - Women - High School Grad,North Dakota,31.0,22.6,0.0,29.4,15.8
Avoided Care due to Cost - Women - High School Grad,Ohio,11.0,15.9,-1.06,19.9,12.0
Avoided Care due to Cost - Women - High School Grad,Oklahoma,29.0,22.0,-0.09,26.8,17.3
Avoided Care due to Cost - Women - High School Grad,Oregon,27.0,21.1,-0.24,28.4,13.8
Avoided Care due to Cost - Women - High School Grad,Pennsylvania,4.0,13.8,-1.39,18.2,9.4
Avoided Care due to Cost - Women - High School Grad,Rhode Island,7.0,14.7,-1.25,20.5,8.9
Avoided Care due to Cost - Women - High School Grad,South Carolina,44.0,30.8,1.3,35.5,26.1
Avoided Care due to Cost - Women - High School Grad,South Dakota,16.0,17.6,-0.79,24.8,10.4
Avoided Care due to Cost - Women - High School Grad,Tennessee,25.0,20.9,-0.27,26.7,15.2
Avoided Care due to Cost - Women - High School Grad,Texas,50.0,34.8,1.93,40.7,28.9
Avoided Care due to Cost - Women - High School Grad,Utah,26.0,21.0,-0.25,25.0,17.0
Avoided Care due to Cost - Women - High School Grad,Vermont,9.0,15.6,-1.11,21.8,9.4
Avoided Care due to Cost - Women - High School Grad,Virginia,39.0,26.1,0.55,31.1,21.2
Avoided Care due to Cost - Women - High School Grad,Washington,18.0,18.7,-0.62,22.6,14.8
Avoided Care due to Cost - Women - High School Grad,West Virginia,19.0,19.4,-0.51,23.8,15.1
Avoided Care due to Cost - Women - High School Grad,Wisconsin,5.0,14.2,-1.33,19.6,8.8
Avoided Care due to Cost - Women - High School Grad,Wyoming,45.0,30.9,1.31,38.4,23.3
Avoided Care due to Cost - Women - High School Grad,District of Columbia,,8.6,,12.3,5.0
Avoided Care due to Cost - Women - High School Grad,United States,,22.6,,23.7,21.6
Avoided Care due to Cost - Women - Hispanic,Alabama,,15.5,,23.9,7.0
Avoided Care due to Cost - Women - Hispanic,Alaska,,,,,
Avoided Care due to Cost - Women - Hispanic,Arizona,,22.2,,25.9,18.4
Avoided Care due to Cost - Women - Hispanic,Arkansas,,34.0,,49.3,18.8
Avoided Care due to Cost - Women - Hispanic,California,,19.6,,21.8,17.3
Avoided Care due to Cost - Women - Hispanic,Colorado,,23.2,,26.6,19.7
Avoided Care due to Cost - Women - Hispanic,Connecticut,,22.8,,27.6,18.0
Avoided Care due to Cost - Women - Hispanic,Delaware,,30.1,,37.5,22.6
Avoided Care due to Cost - Women - Hispanic,Florida,,27.4,,31.4,23.4
Avoided Care due to Cost - Women - Hispanic,Georgia,,22.4,,27.9,17.0
Avoided Care due to Cost - Women - Hispanic,Hawaii,,12.0,,16.5,7.6
Avoided Care due to Cost - Women - Hispanic,Idaho,,28.6,,36.9,20.3
Avoided Care due to Cost - Women - Hispanic,Illinois,,20.3,,25.0,15.6
Avoided Care due to Cost - Women - Hispanic,Indiana,,29.0,,35.8,22.2
Avoided Care due to Cost - Women - Hispanic,Iowa,,25.8,,33.9,17.7
Avoided Care due to Cost - Women - Hispanic,Kansas,,24.1,,28.4,19.7
Avoided Care due to Cost - Women - Hispanic,Kentucky,,,,,
Avoided Care due to Cost - Women - Hispanic,Louisiana,,44.3,,62.0,26.5
Avoided Care due to Cost - Women - Hispanic,Maine,,,,,
Avoided Care due to Cost - Women - Hispanic,Maryland,,34.3,,41.3,27.3
Avoided Care due to Cost - Women - Hispanic,Massachusetts,,12.5,,16.8,8.1
Avoided Care due to Cost - Women - Hispanic,Michigan,,22.4,,30.0,14.9
Avoided Care due to Cost - Women - Hispanic,Minnesota,,21.6,,26.6,16.6
Avoided Care due to Cost - Women - Hispanic,Mississippi,,,,,
Avoided Care due to Cost - Women - Hispanic,Missouri,,27.1,,40.4,13.9
Avoided Care due to Cost - Women - Hispanic,Montana,,,,,
Avoided Care due to Cost - Women - Hispanic,Nebraska,,24.6,,29.3,19.9
Avoided Care due to Cost - Women - Hispanic,Nevada,,26.8,,32.1,21.5
Avoided Care due to Cost - Women - Hispanic,New Hampshire,,,,,
Avoided Care due to Cost - Women - Hispanic,New Jersey,,27.4,,32.7,22.1
Avoided Care due to Cost - Women - Hispanic,New Mexico,,17.1,,20.5,13.8
Avoided Care due to Cost - Women - Hispanic,New York,,23.7,,27.1,20.2
Avoided Care due to Cost - Women - Hispanic,North Carolina,,31.2,,38.2,24.3
Avoided Care due to Cost - Women - Hispanic,North Dakota,,,,,
Avoided Care due to Cost - Women - Hispanic,Ohio,,,,,
Avoided Care due to Cost - Women - Hispanic,Oklahoma,,27.5,,35.3,19.7
Avoided Care due to Cost - Women - Hispanic,Oregon,,25.3,,32.1,18.6
Avoided Care due to Cost - Women - Hispanic,Pennsylvania,,17.1,,24.7,9.5
Avoided Care due to Cost - Women - Hispanic,Rhode Island,,18.0,,24.0,12.0
Avoided Care due to Cost - Women - Hispanic,South Carolina,,28.2,,36.2,20.3
Avoided Care due to Cost - Women - Hispanic,South Dakota,,,,,
Avoided Care due to Cost - Women - Hispanic,Tennessee,,,,,
Avoided Care due to Cost - Women - Hispanic,Texas,,30.0,,33.8,26.3
Avoided Care due to Cost - Women - Hispanic,Utah,,21.2,,25.6,16.8
Avoided Care due to Cost - Women - Hispanic,Vermont,,,,,
Avoided Care due to Cost - Women - Hispanic,Virginia,,35.5,,42.9,28.0
Avoided Care due to Cost - Women - Hispanic,Washington,,21.5,,25.6,17.3
Avoided Care due to Cost - Women - Hispanic,West Virginia,,,,,
Avoided Care due to Cost - Women - Hispanic,Wisconsin,,19.0,,28.4,9.6
Avoided Care due to Cost - Women - Hispanic,Wyoming,,30.7,,41.4,20.0
Avoided Care due to Cost - Women - Hispanic,District of Columbia,,20.6,,29.6,11.7
Avoided Care due to Cost - Women - Hispanic,United States,,24.1,,25.2,23.0
"Avoided Care due to Cost - Women - Less Than $25,000",Alabama,47.0,43.5,1.56,48.8,38.2
"Avoided Care due to Cost - Women - Less Than $25,000",Alaska,34.0,34.4,0.48,49.0,19.8
"Avoided Care due to Cost - Women - Less Than $25,000",Arizona,21.0,26.1,-0.5,31.5,20.7
"Avoided Care due to Cost - Women - Less Than $25,000",Arkansas,39.0,36.4,0.72,43.6,29.1
"Avoided Care due to Cost - Women - Less Than $25,000",California,15.0,23.6,-0.79,27.0,20.2
"Avoided Care due to Cost - Women - Less Than $25,000",Colorado,20.0,26.0,-0.51,30.6,21.5
"Avoided Care due to Cost - Women - Less Than $25,000",Connecticut,18.0,24.4,-0.7,30.0,18.8
"Avoided Care due to Cost - Women - Less Than $25,000",Delaware,19.0,25.7,-0.54,32.4,18.9
"Avoided Care due to Cost - Women - Less Than $25,000",Florida,43.0,39.9,1.13,44.8,34.9
"Avoided Care due to Cost - Women - Less Than $25,000",Georgia,44.0,40.9,1.25,46.6,35.1
"Avoided Care due to Cost - Women - Less Than $25,000",Hawaii,3.0,17.5,-1.51,22.0,12.9
"Avoided Care due to Cost - Women - Less Than $25,000",Idaho,41.0,37.1,0.8,44.3,30.0
"Avoided Care due to Cost - Women - Less Than $25,000",Illinois,14.0,23.2,-0.84,28.2,18.3
"Avoided Care due to Cost - Women - Less Than $25,000",Indiana,27.0,28.6,-0.2,32.8,24.4
"Avoided Care due to Cost - Women - Less Than $25,000",Iowa,7.0,18.8,-1.36,24.1,13.5
"Avoided Care due to Cost - Women - Less Than $25,000",Kansas,42.0,37.5,0.85,41.9,33.2
"Avoided Care due to Cost - Women - Less Than $25,000",Kentucky,12.0,20.7,-1.13,25.5,16.0
"Avoided Care due to Cost - Women - Less Than $25,000",Louisiana,40.0,36.9,0.78,43.6,30.3
"Avoided Care due to Cost - Women - Less Than $25,000",Maine,29.0,29.1,-0.14,35.2,23.0
"Avoided Care due to Cost - Women - Less Than $25,000",Maryland,26.0,28.0,-0.27,33.8,22.1
"Avoided Care due to Cost - Women - Less Than $25,000",Massachusetts,5.0,18.0,-1.45,25.2,10.9
"Avoided Care due to Cost - Women - Less Than $25,000",Michigan,13.0,22.7,-0.9,26.9,18.6
"Avoided Care due to Cost - Women - Less Than $25,000",Minnesota,8.0,19.1,-1.32,22.8,15.3
"Avoided Care due to Cost - Women - Less Than $25,000",Mississippi,45.0,41.4,1.31,47.1,35.6
"Avoided Care due to Cost - Women - Less Than $25,000",Missouri,50.0,44.6,1.69,52.0,37.1
"Avoided Care due to Cost - Women - Less Than $25,000",Montana,30.0,29.2,-0.13,36.1,22.3
"Avoided Care due to Cost - Women - Less Than $25,000",Nebraska,35.0,34.7,0.52,39.6,29.8
"Avoided Care due to Cost - Women - Less Than $25,000",Nevada,36.0,36.1,0.68,43.6,28.6
"Avoided Care due to Cost - Women - Less Than $25,000",New Hampshire,21.0,26.1,-0.5,34.7,17.6
"Avoided Care due to Cost - Women - Less Than $25,000",New Jersey,24.0,27.5,-0.33,33.5,21.5
"Avoided Care due to Cost - Women - Less Than $25,000",New Mexico,2.0,17.1,-1.56,21.0,13.3
"Avoided Care due to Cost - Women - Less Than $25,000",New York,6.0,18.1,-1.44,21.0,15.1
"Avoided Care due to Cost - Women - Less Than $25,000",North Carolina,49.0,44.5,1.67,50.4,38.6
"Avoided Care due to Cost - Women - Less Than $25,000",North Dakota,23.0,27.2,-0.37,35.4,19.0
"Avoided Care due to Cost - Women - Less Than $25,000",Ohio,4.0,17.6,-1.5,21.7,13.4
"Avoided Care due to Cost - Women - Less Than $25,000",Oklahoma,36.0,36.1,0.68,41.7,30.5
"Avoided Care due to Cost - Women - Less Than $25,000",Oregon,24.0,27.5,-0.33,33.2,21.8
"Avoided Care due to Cost - Women - Less Than $25,000",Pennsylvania,10.0,20.5,-1.16,25.8,15.2
"Avoided Care due to Cost - Women - Less Than $25,000",Rhode Island,11.0,20.6,-1.14,27.2,13.9
"Avoided Care due to Cost - Women - Less Than $25,000",South Carolina,38.0,36.3,0.71,40.8,31.7
"Avoided Care due to Cost - Women - Less Than $25,000",South Dakota,31.0,30.1,-0.02,40.5,19.7
"Avoided Care due to Cost - Women - Less Than $25,000",Tennessee,27.0,28.6,-0.2,34.4,22.8
"Avoided Care due to Cost - Women - Less Than $25,000",Texas,46.0,42.2,1.4,47.7,36.7
"Avoided Care due to Cost - Women - Less Than $25,000",Utah,32.0,31.4,0.13,36.8,25.9
"Avoided Care due to Cost - Women - Less Than $25,000",Vermont,1.0,16.5,-1.63,23.7,9.2
"Avoided Care due to Cost - Women - Less Than $25,000",Virginia,48.0,44.0,1.62,50.0,38.0
"Avoided Care due to Cost - Women - Less Than $25,000",Washington,17.0,24.0,-0.74,28.1,20.0
"Avoided Care due to Cost - Women - Less Than $25,000",West Virginia,16.0,23.8,-0.77,28.1,19.4
"Avoided Care due to Cost - Women - Less Than $25,000",Wisconsin,9.0,20.1,-1.2,26.5,13.7
"Avoided Care due to Cost - Women - Less Than $25,000",Wyoming,33.0,33.9,0.42,42.7,25.0
"Avoided Care due to Cost - Women - Less Than $25,000",District of Columbia,,15.2,,22.3,8.2
"Avoided Care due to Cost - Women - Less Than $25,000",United States,,30.3,,31.4,29.2
Avoided Care due to Cost - Women - Less than High School,Alabama,,45.4,,55.2,35.6
Avoided Care due to Cost - Women - Less than High School,Alaska,,,,,
Avoided Care due to Cost - Women - Less than High School,Arizona,,33.4,,42.2,24.5
Avoided Care due to Cost - Women - Less than High School,Arkansas,,41.5,,56.1,26.9
Avoided Care due to Cost - Women - Less than High School,California,,25.3,,29.9,20.7
Avoided Care due to Cost - Women - Less than High School,Colorado,,28.1,,35.1,21.0
Avoided Care due to Cost - Women - Less than High School,Connecticut,,26.6,,36.4,16.8
Avoided Care due to Cost - Women - Less than High School,Delaware,,33.0,,43.1,22.9
Avoided Care due to Cost - Women - Less than High School,Florida,,39.4,,46.9,31.8
Avoided Care due to Cost - Women - Less than High School,Georgia,,32.0,,41.4,22.6
Avoided Care due to Cost - Women - Less than High School,Hawaii,,,,,
Avoided Care due to Cost - Women - Less than High School,Idaho,,32.3,,43.8,20.9
Avoided Care due to Cost - Women - Less than High School,Illinois,,24.9,,32.8,16.9
Avoided Care due to Cost - Women - Less than High School,Indiana,,29.1,,36.7,21.5
Avoided Care due to Cost - Women - Less than High School,Iowa,,21.3,,31.2,11.4
Avoided Care due to Cost - Women - Less than High School,Kansas,,32.8,,40.5,25.0
Avoided Care due to Cost - Women - Less than High School,Kentucky,,19.6,,29.6,9.7
Avoided Care due to Cost - Women - Less than High School,Louisiana,,29.6,,41.2,18.0
Avoided Care due to Cost - Women - Less than High School,Maine,,,,,
Avoided Care due to Cost - Women - Less than High School,Maryland,,34.9,,44.9,25.0
Avoided Care due to Cost - Women - Less than High School,Massachusetts,,18.8,,29.6,8.0
Avoided Care due to Cost - Women - Less than High School,Michigan,,23.3,,33.0,13.6
Avoided Care due to Cost - Women - Less than High School,Minnesota,,24.1,,31.2,17.1
Avoided Care due to Cost - Women - Less than High School,Mississippi,,37.1,,50.1,24.2
Avoided Care due to Cost - Women - Less than High School,Missouri,,44.2,,56.4,31.9
Avoided Care due to Cost - Women - Less than High School,Montana,,,,,
Avoided Care due to Cost - Women - Less than High School,Nebraska,,32.5,,40.1,24.8
Avoided Care due to Cost - Women - Less than High School,Nevada,,38.9,,49.1,28.7
Avoided Care due to Cost - Women - Less than High School,New Hampshire,,,,,
Avoided Care due to Cost - Women - Less than High School,New Jersey,,35.2,,45.2,25.1
Avoided Care due to Cost - Women - Less than High School,New Mexico,,21.6,,28.2,15.0
Avoided Care due to Cost - Women - Less than High School,New York,,28.6,,34.3,22.8
Avoided Care due to Cost - Women - Less than High School,North Carolina,,43.4,,53.4,33.4
Avoided Care due to Cost - Women - Less than High School,North Dakota,,,,,
Avoided Care due to Cost - Women - Less than High School,Ohio,,,,,
Avoided Care due to Cost - Women - Less than High School,Oklahoma,,35.0,,45.3,24.8
Avoided Care due to Cost - Women - Less than High School,Oregon,,32.1,,42.7,21.4
Avoided Care due to Cost - Women - Less than High School,Pennsylvania,,,,,
Avoided Care due to Cost - Women - Less than High School,Rhode Island,,21.4,,32.2,10.6
Avoided Care due to Cost - Women - Less than High School,South Carolina,,38.2,,47.1,29.3
Avoided Care due to Cost - Women - Less than High School,South Dakota,,,,,
Avoided Care due to Cost - Women - Less than High School,Tennessee,,31.1,,42.6,19.7
Avoided Care due to Cost - Women - Less than High School,Texas,,35.0,,42.9,27.2
Avoided Care due to Cost - Women - Less than High School,Utah,,30.9,,39.9,22.0
Avoided Care due to Cost - Women - Less than High School,Vermont,,,,,
Avoided Care due to Cost - Women - Less than High School,Virginia,,48.6,,59.8,37.3
Avoided Care due to Cost - Women - Less than High School,Washington,,30.8,,37.6,24.0
Avoided Care due to Cost - Women - Less than High School,West Virginia,,25.7,,34.0,17.4
Avoided Care due to Cost - Women - Less than High School,Wisconsin,,,,,
Avoided Care due to Cost - Women - Less than High School,Wyoming,,,,,
Avoided Care due to Cost - Women - Less than High School,District of Columbia,,30.4,,46.6,14.2
Avoided Care due to Cost - Women - Less than High School,United States,,30.6,,32.4,28.8
Avoided Care due to Cost - Women - Multiracial,Alabama,,,,,
Avoided Care due to Cost - Women - Multiracial,Alaska,,,,,
Avoided Care due to Cost - Women - Multiracial,Arizona,,25.9,,37.7,14.1
Avoided Care due to Cost - Women - Multiracial,Arkansas,,,,,
Avoided Care due to Cost - Women - Multiracial,California,,,,,
Avoided Care due to Cost - Women - Multiracial,Colorado,,19.7,,30.5,8.9
Avoided Care due to Cost - Women - Multiracial,Connecticut,,,,,
Avoided Care due to Cost - Women - Multiracial,Delaware,,,,,
Avoided Care due to Cost - Women - Multiracial,Florida,,35.9,,51.1,20.8
Avoided Care due to Cost - Women - Multiracial,Georgia,,,,,
Avoided Care due to Cost - Women - Multiracial,Hawaii,,11.8,,14.9,8.8
Avoided Care due to Cost - Women - Multiracial,Idaho,,,,,
Avoided Care due to Cost - Women - Multiracial,Illinois,,,,,
Avoided Care due to Cost - Women - Multiracial,Indiana,,30.6,,44.5,16.6
Avoided Care due to Cost - Women - Multiracial,Iowa,,,,,
Avoided Care due to Cost - Women - Multiracial,Kansas,,24.6,,34.4,14.8
Avoided Care due to Cost - Women - Multiracial,Kentucky,,,,,
Avoided Care due to Cost - Women - Multiracial,Louisiana,,,,,
Avoided Care due to Cost - Women - Multiracial,Maine,,,,,
Avoided Care due to Cost - Women - Multiracial,Maryland,,16.3,,24.8,7.8
Avoided Care due to Cost - Women - Multiracial,Massachusetts,,,,,
Avoided Care due to Cost - Women - Multiracial,Michigan,,27.6,,37.0,18.3
Avoided Care due to Cost - Women - Multiracial,Minnesota,,23.8,,35.4,12.2
Avoided Care due to Cost - Women - Multiracial,Mississippi,,,,,
Avoided Care due to Cost - Women - Multiracial,Missouri,,,,,
Avoided Care due to Cost - Women - Multiracial,Montana,,,,,
Avoided Care due to Cost - Women - Multiracial,Nebraska,,32.6,,48.0,17.1
Avoided Care due to Cost - Women - Multiracial,Nevada,,,,,
Avoided Care due to Cost - Women - Multiracial,New Hampshire,,,,,
Avoided Care due to Cost - Women - Multiracial,New Jersey,,,,,
Avoided Care due to Cost - Women - Multiracial,New Mexico,,,,,
Avoided Care due to Cost - Women - Multiracial,New York,,21.4,,33.1,9.7
Avoided Care due to Cost - Women - Multiracial,North Carolina,,,,,
Avoided Care due to Cost - Women - Multiracial,North Dakota,,,,,
Avoided Care due to Cost - Women - Multiracial,Ohio,,22.7,,34.3,11.2
Avoided Care due to Cost - Women - Multiracial,Oklahoma,,27.9,,39.1,16.7
Avoided Care due to Cost - Women - Multiracial,Oregon,,32.2,,43.1,21.3
Avoided Care due to Cost - Women - Multiracial,Pennsylvania,,,,,
Avoided Care due to Cost - Women - Multiracial,Rhode Island,,,,,
Avoided Care due to Cost - Women - Multiracial,South Carolina,,28.6,,42.3,14.9
Avoided Care due to Cost - Women - Multiracial,South Dakota,,,,,
Avoided Care due to Cost - Women - Multiracial,Tennessee,,,,,
Avoided Care due to Cost - Women - Multiracial,Texas,,,,,
Avoided Care due to Cost - Women - Multiracial,Utah,,23.9,,37.0,10.9
Avoided Care due to Cost - Women - Multiracial,Vermont,,,,,
Avoided Care due to Cost - Women - Multiracial,Virginia,,29.9,,42.2,17.6
Avoided Care due to Cost - Women - Multiracial,Washington,,25.8,,34.0,17.7
Avoided Care due to Cost - Women - Multiracial,West Virginia,,,,,
Avoided Care due to Cost - Women - Multiracial,Wisconsin,,,,,
Avoided Care due to Cost - Women - Multiracial,Wyoming,,,,,
Avoided Care due to Cost - Women - Multiracial,District of Columbia,,,,,
Avoided Care due to Cost - Women - Multiracial,United States,,22.2,,24.8,19.6
Avoided Care due to Cost - Women - Other Race,Alabama,,,,,
Avoided Care due to Cost - Women - Other Race,Alaska,,,,,
Avoided Care due to Cost - Women - Other Race,Arizona,,,,,
Avoided Care due to Cost - Women - Other Race,Arkansas,,,,,
Avoided Care due to Cost - Women - Other Race,California,,,,,
Avoided Care due to Cost - Women - Other Race,Colorado,,,,,
Avoided Care due to Cost - Women - Other Race,Connecticut,,,,,
Avoided Care due to Cost - Women - Other Race,Delaware,,,,,
Avoided Care due to Cost - Women - Other Race,Florida,,,,,
Avoided Care due to Cost - Women - Other Race,Georgia,,,,,
Avoided Care due to Cost - Women - Other Race,Hawaii,,,,,
Avoided Care due to Cost - Women - Other Race,Idaho,,,,,
Avoided Care due to Cost - Women - Other Race,Illinois,,,,,
Avoided Care due to Cost - Women - Other Race,Indiana,,,,,
Avoided Care due to Cost - Women - Other Race,Iowa,,,,,
Avoided Care due to Cost - Women - Other Race,Kansas,,,,,
Avoided Care due to Cost - Women - Other Race,Kentucky,,,,,
Avoided Care due to Cost - Women - Other Race,Louisiana,,,,,
Avoided Care due to Cost - Women - Other Race,Maine,,,,,
Avoided Care due to Cost - Women - Other Race,Maryland,,,,,
Avoided Care due to Cost - Women - Other Race,Massachusetts,,,,,
Avoided Care due to Cost - Women - Other Race,Michigan,,,,,
Avoided Care due to Cost - Women - Other Race,Minnesota,,,,,
Avoided Care due to Cost - Women - Other Race,Mississippi,,,,,
Avoided Care due to Cost - Women - Other Race,Missouri,,,,,
Avoided Care due to Cost - Women - Other Race,Montana,,,,,
Avoided Care due to Cost - Women - Other Race,Nebraska,,,,,
Avoided Care due to Cost - Women - Other Race,Nevada,,,,,
Avoided Care due to Cost - Women - Other Race,New Hampshire,,,,,
Avoided Care due to Cost - Women - Other Race,New Jersey,,,,,
Avoided Care due to Cost - Women - Other Race,New Mexico,,,,,
Avoided Care due to Cost - Women - Other Race,New York,,,,,
Avoided Care due to Cost - Women - Other Race,North Carolina,,,,,
Avoided Care due to Cost - Women - Other Race,North Dakota,,,,,
Avoided Care due to Cost - Women - Other Race,Ohio,,,,,
Avoided Care due to Cost - Women - Other Race,Oklahoma,,,,,
Avoided Care due to Cost - Women - Other Race,Oregon,,,,,
Avoided Care due to Cost - Women - Other Race,Pennsylvania,,,,,
Avoided Care due to Cost - Women - Other Race,Rhode Island,,,,,
Avoided Care due to Cost - Women - Other Race,South Carolina,,,,,
Avoided Care due to Cost - Women - Other Race,South Dakota,,,,,
Avoided Care due to Cost - Women - Other Race,Tennessee,,,,,
Avoided Care due to Cost - Women - Other Race,Texas,,,,,
Avoided Care due to Cost - Women - Other Race,Utah,,,,,
Avoided Care due to Cost - Women - Other Race,Vermont,,,,,
Avoided Care due to Cost - Women - Other Race,Virginia,,,,,
Avoided Care due to Cost - Women - Other Race,Washington,,,,,
Avoided Care due to Cost - Women - Other Race,West Virginia,,,,,
Avoided Care due to Cost - Women - Other Race,Wisconsin,,,,,
Avoided Care due to Cost - Women - Other Race,Wyoming,,,,,
Avoided Care due to Cost - Women - Other Race,District of Columbia,,,,,
Avoided Care due to Cost - Women - Other Race,United States,,21.3,,26.9,15.6
Avoided Care due to Cost - Women - Some College,Alabama,39.0,24.2,0.58,28.3,20.1
Avoided Care due to Cost - Women - Some College,Alaska,34.0,21.7,0.13,29.1,14.4
Avoided Care due to Cost - Women - Some College,Arizona,38.0,23.1,0.38,27.2,19.0
Avoided Care due to Cost - Women - Some College,Arkansas,49.0,31.1,1.82,38.7,23.6
Avoided Care due to Cost - Women - Some College,California,7.0,14.9,-1.1,18.4,11.5
Avoided Care due to Cost - Women - Some College,Colorado,35.0,22.5,0.27,26.0,19.1
Avoided Care due to Cost - Women - Some College,Connecticut,11.0,15.4,-1.01,19.4,11.4
Avoided Care due to Cost - Women - Some College,Delaware,22.0,18.8,-0.4,25.2,12.3
Avoided Care due to Cost - Women - Some College,Florida,48.0,30.3,1.67,34.2,26.4
Avoided Care due to Cost - Women - Some College,Georgia,43.0,26.6,1.01,31.6,21.5
Avoided Care due to Cost - Women - Some College,Hawaii,3.0,10.9,-1.82,13.9,7.9
Avoided Care due to Cost - Women - Some College,Idaho,35.0,22.5,0.27,28.1,17.0
Avoided Care due to Cost - Women - Some College,Illinois,31.0,21.3,0.05,26.8,15.8
Avoided Care due to Cost - Women - Some College,Indiana,24.0,18.9,-0.38,22.1,15.6
Avoided Care due to Cost - Women - Some College,Iowa,3.0,10.9,-1.82,13.9,7.8
Avoided Care due to Cost - Women - Some College,Kansas,30.0,21.0,0.0,23.8,18.2
Avoided Care due to Cost - Women - Some College,Kentucky,16.0,16.9,-0.74,20.6,13.1
Avoided Care due to Cost - Women - Some College,Louisiana,50.0,31.3,1.85,37.6,25.1
Avoided Care due to Cost - Women - Some College,Maine,19.0,18.0,-0.54,22.4,13.6
Avoided Care due to Cost - Women - Some College,Maryland,10.0,15.3,-1.03,18.8,11.8
Avoided Care due to Cost - Women - Some College,Massachusetts,5.0,12.8,-1.48,17.6,8.0
Avoided Care due to Cost - Women - Some College,Michigan,14.0,16.5,-0.81,19.2,13.7
Avoided Care due to Cost - Women - Some College,Minnesota,9.0,15.2,-1.04,17.6,12.8
Avoided Care due to Cost - Women - Some College,Mississippi,46.0,29.2,1.48,34.5,23.9
Avoided Care due to Cost - Women - Some College,Missouri,35.0,22.5,0.27,27.5,17.5
Avoided Care due to Cost - Women - Some College,Montana,20.0,18.3,-0.49,23.8,12.9
Avoided Care due to Cost - Women - Some College,Nebraska,40.0,24.5,0.63,28.5,20.4
Avoided Care due to Cost - Women - Some College,Nevada,28.0,19.9,-0.2,25.9,13.9
Avoided Care due to Cost - Women - Some College,New Hampshire,8.0,15.1,-1.06,20.5,9.6
Avoided Care due to Cost - Women - Some College,New Jersey,22.0,18.8,-0.4,23.4,14.1
Avoided Care due to Cost - Women - Some College,New Mexico,25.0,19.2,-0.32,24.5,13.9
Avoided Care due to Cost - Women - Some College,New York,17.0,17.1,-0.7,20.3,13.8
Avoided Care due to Cost - Women - Some College,North Carolina,41.0,25.3,0.77,30.2,20.5
Avoided Care due to Cost - Women - Some College,North Dakota,6.0,14.8,-1.12,18.9,10.7
Avoided Care due to Cost - Women - Some College,Ohio,11.0,15.4,-1.01,18.6,12.1
Avoided Care due to Cost - Women - Some College,Oklahoma,41.0,25.3,0.77,29.5,21.2
Avoided Care due to Cost - Women - Some College,Oregon,27.0,19.8,-0.22,24.0,15.6
Avoided Care due to Cost - Women - Some College,Pennsylvania,26.0,19.7,-0.23,24.5,14.8
Avoided Care due to Cost - Women - Some College,Rhode Island,21.0,18.4,-0.47,24.0,12.8
Avoided Care due to Cost - Women - Some College,South Carolina,31.0,21.3,0.05,25.0,17.6
Avoided Care due to Cost - Women - Some College,South Dakota,2.0,10.4,-1.91,14.3,6.5
Avoided Care due to Cost - Women - Some College,Tennessee,33.0,21.6,0.11,26.8,16.4
Avoided Care due to Cost - Women - Some College,Texas,45.0,29.0,1.44,34.2,23.8
Avoided Care due to Cost - Women - Some College,Utah,17.0,17.1,-0.7,19.8,14.5
Avoided Care due to Cost - Women - Some College,Vermont,1.0,9.4,-2.0,12.7,6.1
Avoided Care due to Cost - Women - Some College,Virginia,44.0,27.4,1.15,31.8,23.0
Avoided Care due to Cost - Women - Some College,Washington,13.0,15.9,-0.92,18.8,13.1
Avoided Care due to Cost - Women - Some College,West Virginia,29.0,20.7,-0.05,24.9,16.6
Avoided Care due to Cost - Women - Some College,Wisconsin,15.0,16.6,-0.79,21.1,12.1
Avoided Care due to Cost - Women - Some College,Wyoming,47.0,29.6,1.55,35.9,23.3
Avoided Care due to Cost - Women - Some College,District of Columbia,,14.3,,19.9,8.7
Avoided Care due to Cost - Women - Some College,United States,,21.0,,21.9,20.1
Avoided Care due to Cost - Women - White,Alabama,50.0,24.7,2.0,27.9,21.6
Avoided Care due to Cost - Women - White,Alaska,45.0,22.6,1.51,27.5,17.6
Avoided Care due to Cost - Women - White,Arizona,35.0,18.5,0.54,21.1,15.8
Avoided Care due to Cost - Women - White,Arkansas,49.0,24.4,1.93,28.9,19.9
Avoided Care due to Cost - Women - White,California,26.0,15.5,-0.16,18.3,12.7
Avoided Care due to Cost - Women - White,Colorado,27.0,15.6,-0.14,17.5,13.7
Avoided Care due to Cost - Women - White,Connecticut,8.0,11.3,-1.15,13.4,9.2
Avoided Care due to Cost - Women - White,Delaware,16.0,14.2,-0.47,17.9,10.5
Avoided Care due to Cost - Women - White,Florida,45.0,22.6,1.51,24.9,20.3
Avoided Care due to Cost - Women - White,Georgia,44.0,22.5,1.48,26.1,18.9
Avoided Care due to Cost - Women - White,Hawaii,2.0,9.9,-1.48,13.4,6.4
Avoided Care due to Cost - Women - White,Idaho,35.0,18.5,0.54,21.3,15.6
Avoided Care due to Cost - Women - White,Illinois,19.0,14.4,-0.42,17.2,11.6
Avoided Care due to Cost - Women - White,Indiana,30.0,16.6,0.09,18.5,14.6
Avoided Care due to Cost - Women - White,Iowa,1.0,8.2,-1.88,9.8,6.7
Avoided Care due to Cost - Women - White,Kansas,28.0,15.9,-0.07,17.4,14.4
Avoided Care due to Cost - Women - White,Kentucky,25.0,15.2,-0.24,17.3,13.2
Avoided Care due to Cost - Women - White,Louisiana,38.0,19.4,0.75,22.8,15.9
Avoided Care due to Cost - Women - White,Maine,31.0,16.9,0.16,19.2,14.5
Avoided Care due to Cost - Women - White,Maryland,3.0,10.1,-1.44,12.1,8.1
Avoided Care due to Cost - Women - White,Massachusetts,3.0,10.1,-1.44,12.5,7.6
Avoided Care due to Cost - Women - White,Michigan,16.0,14.2,-0.47,15.8,12.5
Avoided Care due to Cost - Women - White,Minnesota,10.0,12.2,-0.94,13.4,10.9
Avoided Care due to Cost - Women - White,Mississippi,48.0,23.1,1.63,26.7,19.5
Avoided Care due to Cost - Women - White,Missouri,39.0,19.8,0.85,22.5,17.0
Avoided Care due to Cost - Women - White,Montana,15.0,14.1,-0.49,16.6,11.6
Avoided Care due to Cost - Women - White,Nebraska,22.0,15.0,-0.28,16.9,13.2
Avoided Care due to Cost - Women - White,Nevada,37.0,19.0,0.66,23.2,14.7
Avoided Care due to Cost - Women - White,New Hampshire,22.0,15.0,-0.28,17.7,12.2
Avoided Care due to Cost - Women - White,New Jersey,19.0,14.4,-0.42,17.7,11.1
Avoided Care due to Cost - Women - White,New Mexico,22.0,15.0,-0.28,19.1,10.9
Avoided Care due to Cost - Women - White,New York,9.0,11.4,-1.13,13.0,9.8
Avoided Care due to Cost - Women - White,North Carolina,39.0,19.8,0.85,22.8,16.8
Avoided Care due to Cost - Women - White,North Dakota,5.0,10.4,-1.37,12.6,8.2
Avoided Care due to Cost - Women - White,Ohio,11.0,12.8,-0.8,14.7,11.0
Avoided Care due to Cost - Women - White,Oklahoma,47.0,22.7,1.53,25.7,19.8
Avoided Care due to Cost - Women - White,Oregon,29.0,16.5,0.07,18.7,14.3
Avoided Care due to Cost - Women - White,Pennsylvania,13.0,13.5,-0.64,15.7,11.3
Avoided Care due to Cost - Women - White,Rhode Island,18.0,14.3,-0.45,17.6,11.1
Avoided Care due to Cost - Women - White,South Carolina,41.0,20.3,0.97,22.8,17.8
Avoided Care due to Cost - Women - White,South Dakota,7.0,11.0,-1.22,13.8,8.3
Avoided Care due to Cost - Women - White,Tennessee,34.0,17.8,0.38,20.4,15.1
Avoided Care due to Cost - Women - White,Texas,42.0,20.7,1.06,24.1,17.2
Avoided Care due to Cost - Women - White,Utah,21.0,14.5,-0.4,16.1,13.0
Avoided Care due to Cost - Women - White,Vermont,5.0,10.4,-1.37,12.5,8.4
Avoided Care due to Cost - Women - White,Virginia,33.0,17.5,0.31,19.8,15.2
Avoided Care due to Cost - Women - White,Washington,11.0,12.8,-0.8,14.4,11.3
Avoided Care due to Cost - Women - White,West Virginia,32.0,17.4,0.28,19.5,15.2
Avoided Care due to Cost - Women - White,Wisconsin,14.0,13.9,-0.54,16.2,11.5
Avoided Care due to Cost - Women - White,Wyoming,43.0,21.8,1.32,25.3,18.4
Avoided Care due to Cost - Women - White,District of Columbia,,9.4,,12.8,6.0
Avoided Care due to Cost - Women - White,United States,,16.2,,16.7,15.8
Avoided Care due to Cost - Women Ages 18-24,Alabama,41.0,19.0,0.58,23.5,14.5
Avoided Care due to Cost - Women Ages 18-24,Alaska,25.0,15.8,-0.26,22.7,8.9
Avoided Care due to Cost - Women Ages 18-24,Arizona,26.0,15.9,-0.24,19.7,12.0
Avoided Care due to Cost - Women Ages 18-24,Arkansas,31.0,17.1,0.08,24.8,9.4
Avoided Care due to Cost - Women Ages 18-24,California,15.0,14.1,-0.71,17.1,11.2
Avoided Care due to Cost - Women Ages 18-24,Colorado,42.0,19.4,0.69,23.1,15.6
Avoided Care due to Cost - Women Ages 18-24,Connecticut,10.0,13.0,-1.0,16.9,9.1
Avoided Care due to Cost - Women Ages 18-24,Delaware,15.0,14.1,-0.71,20.1,8.1
Avoided Care due to Cost - Women Ages 18-24,Florida,46.0,22.5,1.5,26.4,18.6
Avoided Care due to Cost - Women Ages 18-24,Georgia,28.0,16.7,-0.03,21.3,12.1
Avoided Care due to Cost - Women Ages 18-24,Hawaii,1.0,9.6,-1.9,13.2,6.1
Avoided Care due to Cost - Women Ages 18-24,Idaho,45.0,21.9,1.35,27.9,16.0
Avoided Care due to Cost - Women Ages 18-24,Illinois,12.0,13.5,-0.87,17.6,9.4
Avoided Care due to Cost - Women Ages 18-24,Indiana,44.0,20.8,1.06,24.9,16.7
Avoided Care due to Cost - Women Ages 18-24,Iowa,7.0,12.0,-1.27,15.5,8.4
Avoided Care due to Cost - Women Ages 18-24,Kansas,23.0,15.2,-0.42,17.9,12.4
Avoided Care due to Cost - Women Ages 18-24,Kentucky,8.0,12.3,-1.19,15.9,8.6
Avoided Care due to Cost - Women Ages 18-24,Louisiana,30.0,17.0,0.05,22.4,11.5
Avoided Care due to Cost - Women Ages 18-24,Maine,37.0,18.0,0.32,23.8,12.3
Avoided Care due to Cost - Women Ages 18-24,Maryland,13.0,13.6,-0.84,17.5,9.8
Avoided Care due to Cost - Women Ages 18-24,Massachusetts,4.0,10.6,-1.64,15.0,6.1
Avoided Care due to Cost - Women Ages 18-24,Michigan,21.0,15.1,-0.45,18.1,12.1
Avoided Care due to Cost - Women Ages 18-24,Minnesota,18.0,14.2,-0.69,16.8,11.6
Avoided Care due to Cost - Women Ages 18-24,Mississippi,49.0,23.3,1.71,29.4,17.2
Avoided Care due to Cost - Women Ages 18-24,Missouri,46.0,22.5,1.5,27.7,17.2
Avoided Care due to Cost - Women Ages 18-24,Montana,1.0,9.6,-1.9,13.4,5.7
Avoided Care due to Cost - Women Ages 18-24,Nebraska,28.0,16.7,-0.03,20.2,13.3
Avoided Care due to Cost - Women Ages 18-24,Nevada,31.0,17.1,0.08,23.0,11.3
Avoided Care due to Cost - Women Ages 18-24,New Hampshire,31.0,17.1,0.08,22.9,11.2
Avoided Care due to Cost - Women Ages 18-24,New Jersey,39.0,18.6,0.47,23.6,13.6
Avoided Care due to Cost - Women Ages 18-24,New Mexico,10.0,13.0,-1.0,18.2,7.8
Avoided Care due to Cost - Women Ages 18-24,New York,5.0,11.1,-1.5,13.7,8.5
Avoided Care due to Cost - Women Ages 18-24,North Carolina,34.0,17.6,0.21,22.2,13.0
Avoided Care due to Cost - Women Ages 18-24,North Dakota,8.0,12.3,-1.19,17.0,7.6
Avoided Care due to Cost - Women Ages 18-24,Ohio,19.0,14.5,-0.61,18.3,10.8
Avoided Care due to Cost - Women Ages 18-24,Oklahoma,48.0,23.1,1.66,28.4,17.9
Avoided Care due to Cost - Women Ages 18-24,Oregon,36.0,17.9,0.29,22.6,13.1
Avoided Care due to Cost - Women Ages 18-24,Pennsylvania,6.0,11.7,-1.35,15.6,7.8
Avoided Care due to Cost - Women Ages 18-24,Rhode Island,23.0,15.2,-0.42,21.0,9.3
Avoided Care due to Cost - Women Ages 18-24,South Carolina,40.0,18.7,0.5,22.7,14.7
Avoided Care due to Cost - Women Ages 18-24,South Dakota,15.0,14.1,-0.71,20.3,7.9
Avoided Care due to Cost - Women Ages 18-24,Tennessee,20.0,14.9,-0.5,19.9,10.0
Avoided Care due to Cost - Women Ages 18-24,Texas,50.0,26.0,2.0,31.5,20.4
Avoided Care due to Cost - Women Ages 18-24,Utah,21.0,15.1,-0.45,18.0,12.2
Avoided Care due to Cost - Women Ages 18-24,Vermont,3.0,10.2,-1.74,14.5,5.8
Avoided Care due to Cost - Women Ages 18-24,Virginia,37.0,18.0,0.32,21.9,14.1
Avoided Care due to Cost - Women Ages 18-24,Washington,14.0,13.8,-0.79,16.9,10.6
Avoided Care due to Cost - Women Ages 18-24,West Virginia,27.0,16.1,-0.18,20.7,11.5
Avoided Care due to Cost - Women Ages 18-24,Wisconsin,34.0,17.6,0.21,23.2,11.9
Avoided Care due to Cost - Women Ages 18-24,Wyoming,43.0,20.0,0.84,27.3,12.8
Avoided Care due to Cost - Women Ages 18-24,District of Columbia,,15.9,,21.6,10.2
Avoided Care due to Cost - Women Ages 18-24,United States,,16.8,,17.6,15.9
Avoided Care due to Cost - Women Ages 25-34,Alabama,46.0,25.7,1.24,29.4,21.9
Avoided Care due to Cost - Women Ages 25-34,Alaska,28.0,18.9,-0.19,24.9,12.8
Avoided Care due to Cost - Women Ages 25-34,Arizona,33.0,21.1,0.27,24.8,17.3
Avoided Care due to Cost - Women Ages 25-34,Arkansas,48.0,27.2,1.55,33.5,21.0
Avoided Care due to Cost - Women Ages 25-34,California,16.0,16.3,-0.74,18.4,14.2
Avoided Care due to Cost - Women Ages 25-34,Colorado,22.0,17.3,-0.53,19.7,14.8
Avoided Care due to Cost - Women Ages 25-34,Connecticut,10.0,15.0,-1.01,17.9,12.0
Avoided Care due to Cost - Women Ages 25-34,Delaware,34.0,21.4,0.34,26.1,16.6
Avoided Care due to Cost - Women Ages 25-34,Florida,47.0,27.1,1.53,30.1,24.1
Avoided Care due to Cost - Women Ages 25-34,Georgia,49.0,27.3,1.58,31.2,23.3
Avoided Care due to Cost - Women Ages 25-34,Hawaii,2.0,11.2,-1.81,14.2,8.2
Avoided Care due to Cost - Women Ages 25-34,Idaho,29.0,19.6,-0.04,23.9,15.3
Avoided Care due to Cost - Women Ages 25-34,Illinois,25.0,18.1,-0.36,21.9,14.4
Avoided Care due to Cost - Women Ages 25-34,Indiana,27.0,18.6,-0.25,21.4,15.8
Avoided Care due to Cost - Women Ages 25-34,Iowa,3.0,11.4,-1.76,14.1,8.8
Avoided Care due to Cost - Women Ages 25-34,Kansas,31.0,20.1,0.06,22.4,17.8
Avoided Care due to Cost - Women Ages 25-34,Kentucky,19.0,16.8,-0.63,20.1,13.4
Avoided Care due to Cost - Women Ages 25-34,Louisiana,44.0,25.3,1.16,29.9,20.7
Avoided Care due to Cost - Women Ages 25-34,Maine,32.0,20.2,0.08,23.9,16.4
Avoided Care due to Cost - Women Ages 25-34,Maryland,18.0,16.6,-0.67,19.5,13.7
Avoided Care due to Cost - Women Ages 25-34,Massachusetts,5.0,11.7,-1.7,14.3,9.0
Avoided Care due to Cost - Women Ages 25-34,Michigan,14.0,15.8,-0.84,18.2,13.4
Avoided Care due to Cost - Women Ages 25-34,Minnesota,11.0,15.1,-0.99,17.1,13.2
Avoided Care due to Cost - Women Ages 25-34,Mississippi,44.0,25.3,1.16,29.8,20.8
Avoided Care due to Cost - Women Ages 25-34,Missouri,37.0,21.7,0.4,25.8,17.6
Avoided Care due to Cost - Women Ages 25-34,Montana,22.0,17.3,-0.53,21.4,13.1
Avoided Care due to Cost - Women Ages 25-34,Nebraska,35.0,21.5,0.36,24.7,18.4
Avoided Care due to Cost - Women Ages 25-34,Nevada,36.0,21.6,0.38,26.4,16.7
Avoided Care due to Cost - Women Ages 25-34,New Hampshire,9.0,14.6,-1.09,19.1,10.1
Avoided Care due to Cost - Women Ages 25-34,New Jersey,30.0,19.9,0.02,23.8,16.0
Avoided Care due to Cost - Women Ages 25-34,New Mexico,13.0,15.5,-0.9,19.1,11.8
Avoided Care due to Cost - Women Ages 25-34,New York,22.0,17.3,-0.53,19.6,15.1
Avoided Care due to Cost - Women Ages 25-34,North Carolina,43.0,24.3,0.95,28.1,20.5
Avoided Care due to Cost - Women Ages 25-34,North Dakota,7.0,12.9,-1.45,16.1,9.6
Avoided Care due to Cost - Women Ages 25-34,Ohio,6.0,12.1,-1.62,14.5,9.6
Avoided Care due to Cost - Women Ages 25-34,Oklahoma,41.0,23.9,0.86,27.6,20.2
Avoided Care due to Cost - Women Ages 25-34,Oregon,37.0,21.7,0.4,25.7,17.6
Avoided Care due to Cost - Women Ages 25-34,Pennsylvania,11.0,15.1,-0.99,18.2,11.9
Avoided Care due to Cost - Women Ages 25-34,Rhode Island,16.0,16.3,-0.74,20.4,12.2
Avoided Care due to Cost - Women Ages 25-34,South Carolina,40.0,22.9,0.65,26.0,19.7
Avoided Care due to Cost - Women Ages 25-34,South Dakota,1.0,10.6,-1.93,14.1,7.2
Avoided Care due to Cost - Women Ages 25-34,Tennessee,25.0,18.1,-0.36,22.1,14.1
Avoided Care due to Cost - Women Ages 25-34,Texas,50.0,28.0,1.72,31.8,24.1
Avoided Care due to Cost - Women Ages 25-34,Utah,21.0,17.1,-0.57,19.6,14.6
Avoided Care due to Cost - Women Ages 25-34,Vermont,4.0,11.5,-1.74,14.7,8.2
Avoided Care due to Cost - Women Ages 25-34,Virginia,42.0,24.1,0.9,27.6,20.6
Avoided Care due to Cost - Women Ages 25-34,Washington,15.0,16.0,-0.8,18.3,13.7
Avoided Care due to Cost - Women Ages 25-34,West Virginia,19.0,16.8,-0.63,20.0,13.7
Avoided Care due to Cost - Women Ages 25-34,Wisconsin,7.0,12.9,-1.45,16.2,9.6
Avoided Care due to Cost - Women Ages 25-34,Wyoming,39.0,21.9,0.44,27.0,16.8
Avoided Care due to Cost - Women Ages 25-34,District of Columbia,,13.9,,17.5,10.4
Avoided Care due to Cost - Women Ages 25-34,United States,,19.8,,20.4,19.1
Avoided Care due to Cost - Women Ages 35-44,Alabama,43.0,24.0,1.12,27.6,20.5
Avoided Care due to Cost - Women Ages 35-44,Alaska,40.0,21.8,0.69,29.2,14.4
Avoided Care due to Cost - Women Ages 35-44,Arizona,36.0,20.5,0.43,23.5,17.6
Avoided Care due to Cost - Women Ages 35-44,Arkansas,48.0,27.2,1.75,32.7,21.6
Avoided Care due to Cost - Women Ages 35-44,California,20.0,15.7,-0.51,18.1,13.3
Avoided Care due to Cost - Women Ages 35-44,Colorado,28.0,17.0,-0.26,19.3,14.7
Avoided Care due to Cost - Women Ages 35-44,Connecticut,8.0,12.7,-1.1,15.2,10.1
Avoided Care due to Cost - Women Ages 35-44,Delaware,18.0,15.2,-0.61,19.3,11.1
Avoided Care due to Cost - Women Ages 35-44,Florida,45.0,25.3,1.37,28.8,21.8
Avoided Care due to Cost - Women Ages 35-44,Georgia,34.0,20.0,0.33,23.4,16.6
Avoided Care due to Cost - Women Ages 35-44,Hawaii,5.0,10.8,-1.47,13.5,8.1
Avoided Care due to Cost - Women Ages 35-44,Idaho,38.0,21.1,0.55,25.3,16.9
Avoided Care due to Cost - Women Ages 35-44,Illinois,15.0,14.3,-0.78,17.3,11.3
Avoided Care due to Cost - Women Ages 35-44,Indiana,29.0,17.4,-0.18,20.0,14.9
Avoided Care due to Cost - Women Ages 35-44,Iowa,2.0,9.1,-1.8,11.5,6.7
Avoided Care due to Cost - Women Ages 35-44,Kansas,27.0,16.8,-0.29,18.9,14.6
Avoided Care due to Cost - Women Ages 35-44,Kentucky,22.0,16.1,-0.43,19.4,12.8
Avoided Care due to Cost - Women Ages 35-44,Louisiana,41.0,21.9,0.71,26.3,17.5
Avoided Care due to Cost - Women Ages 35-44,Maine,17.0,15.1,-0.63,18.3,12.0
Avoided Care due to Cost - Women Ages 35-44,Maryland,11.0,13.6,-0.92,16.1,11.1
Avoided Care due to Cost - Women Ages 35-44,Massachusetts,2.0,9.1,-1.8,11.9,6.2
Avoided Care due to Cost - Women Ages 35-44,Michigan,24.0,16.3,-0.39,18.7,13.9
Avoided Care due to Cost - Women Ages 35-44,Minnesota,6.0,11.8,-1.28,13.5,10.1
Avoided Care due to Cost - Women Ages 35-44,Mississippi,50.0,28.9,2.0,33.2,24.5
Avoided Care due to Cost - Women Ages 35-44,Missouri,39.0,21.4,0.61,25.3,17.4
Avoided Care due to Cost - Women Ages 35-44,Montana,23.0,16.2,-0.41,20.0,12.4
Avoided Care due to Cost - Women Ages 35-44,Nebraska,20.0,15.7,-0.51,18.1,13.2
Avoided Care due to Cost - Women Ages 35-44,Nevada,42.0,22.3,0.78,27.2,17.4
Avoided Care due to Cost - Women Ages 35-44,New Hampshire,16.0,14.9,-0.67,18.4,11.4
Avoided Care due to Cost - Women Ages 35-44,New Jersey,29.0,17.4,-0.18,20.8,14.0
Avoided Care due to Cost - Women Ages 35-44,New Mexico,31.0,17.9,-0.08,21.2,14.5
Avoided Care due to Cost - Women Ages 35-44,New York,12.0,13.7,-0.9,15.8,11.7
Avoided Care due to Cost - Women Ages 35-44,North Carolina,46.0,25.6,1.43,29.5,21.7
Avoided Care due to Cost - Women Ages 35-44,North Dakota,4.0,10.4,-1.55,13.4,7.4
Avoided Care due to Cost - Women Ages 35-44,Ohio,10.0,13.5,-0.94,16.1,10.9
Avoided Care due to Cost - Women Ages 35-44,Oklahoma,37.0,20.6,0.45,24.2,17.1
Avoided Care due to Cost - Women Ages 35-44,Oregon,25.0,16.5,-0.35,19.6,13.4
Avoided Care due to Cost - Women Ages 35-44,Pennsylvania,14.0,14.2,-0.8,17.1,11.2
Avoided Care due to Cost - Women Ages 35-44,Rhode Island,9.0,13.1,-1.02,16.6,9.7
Avoided Care due to Cost - Women Ages 35-44,South Carolina,44.0,24.2,1.16,27.3,21.2
Avoided Care due to Cost - Women Ages 35-44,South Dakota,7.0,12.3,-1.18,16.4,8.1
Avoided Care due to Cost - Women Ages 35-44,Tennessee,35.0,20.3,0.39,24.0,16.6
Avoided Care due to Cost - Women Ages 35-44,Texas,47.0,26.3,1.57,30.2,22.3
Avoided Care due to Cost - Women Ages 35-44,Utah,26.0,16.7,-0.31,19.0,14.4
Avoided Care due to Cost - Women Ages 35-44,Vermont,1.0,8.7,-1.88,11.0,6.4
Avoided Care due to Cost - Women Ages 35-44,Virginia,32.0,19.3,0.2,22.1,16.5
Avoided Care due to Cost - Women Ages 35-44,Washington,18.0,15.2,-0.61,17.3,13.1
Avoided Care due to Cost - Women Ages 35-44,West Virginia,33.0,19.7,0.27,22.8,16.5
Avoided Care due to Cost - Women Ages 35-44,Wisconsin,13.0,13.9,-0.86,17.2,10.6
Avoided Care due to Cost - Women Ages 35-44,Wyoming,49.0,27.3,1.77,32.2,22.4
Avoided Care due to Cost - Women Ages 35-44,District of Columbia,,8.3,,10.6,5.9
Avoided Care due to Cost - Women Ages 35-44,United States,,18.3,,19.0,17.6
