measure_name,state_name,dhcp_rank,dhcp_value,dhcp_score,dhcp_lower_ci,dhcp_upper_ci
"Dedicated HC Provider - Women - $25-$49,999",Alabama,18.0,79.0,0.75,84.5,73.6
"Dedicated HC Provider - Women - $25-$49,999",Alaska,42.0,68.4,-0.69,80.3,56.5
"Dedicated HC Provider - Women - $25-$49,999",Arizona,44.0,65.6,-1.07,71.6,59.6
"Dedicated HC Provider - Women - $25-$49,999",Arkansas,30.0,74.9,0.19,84.0,65.8
"Dedicated HC Provider - Women - $25-$49,999",California,41.0,68.9,-0.63,73.4,64.4
"Dedicated HC Provider - Women - $25-$49,999",Colorado,40.0,69.4,-0.56,74.2,64.6
"Dedicated HC Provider - Women - $25-$49,999",Connecticut,25.0,76.5,0.41,83.0,69.9
"Dedicated HC Provider - Women - $25-$49,999",Delaware,22.0,77.7,0.57,84.3,71.2
"Dedicated HC Provider - Women - $25-$49,999",Florida,48.0,62.4,-1.51,67.7,57.1
"Dedicated HC Provider - Women - $25-$49,999",Georgia,37.0,70.1,-0.46,76.3,64.0
"Dedicated HC Provider - Women - $25-$49,999",Hawaii,4.0,87.0,1.84,91.7,82.3
"Dedicated HC Provider - Women - $25-$49,999",Idaho,45.0,65.0,-1.16,72.6,57.4
"Dedicated HC Provider - Women - $25-$49,999",Illinois,7.0,83.3,1.33,88.4,78.2
"Dedicated HC Provider - Women - $25-$49,999",Indiana,16.0,79.3,0.79,83.5,75.1
"Dedicated HC Provider - Women - $25-$49,999",Iowa,6.0,83.5,1.36,88.1,78.9
"Dedicated HC Provider - Women - $25-$49,999",Kansas,33.0,71.9,-0.22,75.8,67.9
"Dedicated HC Provider - Women - $25-$49,999",Kentucky,29.0,75.6,0.29,81.8,69.5
"Dedicated HC Provider - Women - $25-$49,999",Louisiana,20.0,78.2,0.64,84.8,71.7
"Dedicated HC Provider - Women - $25-$49,999",Maine,2.0,88.3,2.0,92.4,84.1
"Dedicated HC Provider - Women - $25-$49,999",Maryland,11.0,81.1,1.03,86.1,76.1
"Dedicated HC Provider - Women - $25-$49,999",Massachusetts,1.0,89.2,2.0,93.6,84.8
"Dedicated HC Provider - Women - $25-$49,999",Michigan,10.0,81.8,1.13,85.8,77.9
"Dedicated HC Provider - Women - $25-$49,999",Minnesota,36.0,71.0,-0.34,74.9,67.1
"Dedicated HC Provider - Women - $25-$49,999",Mississippi,26.0,76.3,0.38,82.7,69.9
"Dedicated HC Provider - Women - $25-$49,999",Missouri,24.0,76.6,0.42,82.8,70.4
"Dedicated HC Provider - Women - $25-$49,999",Montana,43.0,67.2,-0.86,74.7,59.8
"Dedicated HC Provider - Women - $25-$49,999",Nebraska,15.0,79.6,0.83,83.5,75.6
"Dedicated HC Provider - Women - $25-$49,999",Nevada,49.0,61.4,-1.64,70.7,52.2
"Dedicated HC Provider - Women - $25-$49,999",New Hampshire,5.0,85.1,1.58,91.7,78.4
"Dedicated HC Provider - Women - $25-$49,999",New Jersey,20.0,78.2,0.64,84.9,71.6
"Dedicated HC Provider - Women - $25-$49,999",New Mexico,47.0,63.0,-1.43,70.4,55.7
"Dedicated HC Provider - Women - $25-$49,999",New York,13.0,80.2,0.91,84.3,76.2
"Dedicated HC Provider - Women - $25-$49,999",North Carolina,23.0,77.2,0.5,82.8,71.5
"Dedicated HC Provider - Women - $25-$49,999",North Dakota,39.0,69.9,-0.49,76.7,63.2
"Dedicated HC Provider - Women - $25-$49,999",Ohio,12.0,80.4,0.94,84.7,76.0
"Dedicated HC Provider - Women - $25-$49,999",Oklahoma,33.0,71.9,-0.22,77.6,66.3
"Dedicated HC Provider - Women - $25-$49,999",Oregon,32.0,72.4,-0.15,79.3,65.5
"Dedicated HC Provider - Women - $25-$49,999",Pennsylvania,28.0,75.7,0.3,82.1,69.3
"Dedicated HC Provider - Women - $25-$49,999",Rhode Island,3.0,88.0,1.97,93.1,83.0
"Dedicated HC Provider - Women - $25-$49,999",South Carolina,26.0,76.3,0.38,80.8,71.7
"Dedicated HC Provider - Women - $25-$49,999",South Dakota,19.0,78.5,0.68,84.8,72.1
"Dedicated HC Provider - Women - $25-$49,999",Tennessee,14.0,80.1,0.9,85.8,74.4
"Dedicated HC Provider - Women - $25-$49,999",Texas,46.0,63.3,-1.39,70.0,56.5
"Dedicated HC Provider - Women - $25-$49,999",Utah,37.0,70.1,-0.46,74.6,65.5
"Dedicated HC Provider - Women - $25-$49,999",Vermont,8.0,82.8,1.26,88.0,77.7
"Dedicated HC Provider - Women - $25-$49,999",Virginia,35.0,71.5,-0.27,76.9,66.0
"Dedicated HC Provider - Women - $25-$49,999",Washington,31.0,72.6,-0.12,77.0,68.2
"Dedicated HC Provider - Women - $25-$49,999",West Virginia,16.0,79.3,0.79,84.5,74.1
"Dedicated HC Provider - Women - $25-$49,999",Wisconsin,9.0,82.7,1.25,88.6,76.9
"Dedicated HC Provider - Women - $25-$49,999",Wyoming,50.0,61.2,-1.67,69.6,52.8
"Dedicated HC Provider - Women - $25-$49,999",United States,,73.5,,74.7,72.3
"Dedicated HC Provider - Women - $25-$49,999",District of Columbia,,73.2,,80.6,65.8
"Dedicated HC Provider - Women - $50-$74,999",Alabama,37.0,77.3,-0.36,83.7,70.9
"Dedicated HC Provider - Women - $50-$74,999",Alaska,49.0,67.5,-1.83,80.2,54.7
"Dedicated HC Provider - Women - $50-$74,999",Arizona,48.0,68.3,-1.71,74.9,61.7
"Dedicated HC Provider - Women - $50-$74,999",Arkansas,27.0,80.8,0.16,94.2,67.3
"Dedicated HC Provider - Women - $50-$74,999",California,27.0,80.8,0.16,86.4,75.2
"Dedicated HC Provider - Women - $50-$74,999",Colorado,38.0,74.5,-0.78,79.4,69.6
"Dedicated HC Provider - Women - $50-$74,999",Connecticut,5.0,90.2,1.57,94.6,85.8
"Dedicated HC Provider - Women - $50-$74,999",Delaware,42.0,72.4,-1.09,85.7,59.1
"Dedicated HC Provider - Women - $50-$74,999",Florida,47.0,71.3,-1.26,77.4,65.1
"Dedicated HC Provider - Women - $50-$74,999",Georgia,29.0,79.2,-0.07,85.9,72.6
"Dedicated HC Provider - Women - $50-$74,999",Hawaii,15.0,83.1,0.51,88.9,77.4
"Dedicated HC Provider - Women - $50-$74,999",Idaho,36.0,77.6,-0.31,84.7,70.5
"Dedicated HC Provider - Women - $50-$74,999",Illinois,22.0,82.1,0.36,89.0,75.2
"Dedicated HC Provider - Women - $50-$74,999",Indiana,10.0,85.7,0.9,90.0,81.4
"Dedicated HC Provider - Women - $50-$74,999",Iowa,1.0,91.8,1.81,95.3,88.3
"Dedicated HC Provider - Women - $50-$74,999",Kansas,8.0,86.0,0.94,89.4,82.6
"Dedicated HC Provider - Women - $50-$74,999",Kentucky,9.0,85.8,0.91,91.0,80.7
"Dedicated HC Provider - Women - $50-$74,999",Louisiana,25.0,81.5,0.27,89.7,73.4
"Dedicated HC Provider - Women - $50-$74,999",Maine,6.0,89.9,1.53,94.6,85.1
"Dedicated HC Provider - Women - $50-$74,999",Maryland,21.0,82.3,0.39,87.3,77.2
"Dedicated HC Provider - Women - $50-$74,999",Massachusetts,11.0,85.2,0.82,91.9,78.4
"Dedicated HC Provider - Women - $50-$74,999",Michigan,4.0,90.4,1.6,93.7,87.1
"Dedicated HC Provider - Women - $50-$74,999",Minnesota,33.0,78.1,-0.24,81.7,74.5
"Dedicated HC Provider - Women - $50-$74,999",Mississippi,30.0,78.7,-0.15,88.8,68.6
"Dedicated HC Provider - Women - $50-$74,999",Missouri,41.0,72.5,-1.08,80.8,64.2
"Dedicated HC Provider - Women - $50-$74,999",Montana,33.0,78.1,-0.24,86.0,70.3
"Dedicated HC Provider - Women - $50-$74,999",Nebraska,19.0,82.6,0.43,87.3,78.0
"Dedicated HC Provider - Women - $50-$74,999",Nevada,50.0,64.0,-2.0,76.6,51.5
"Dedicated HC Provider - Women - $50-$74,999",New Hampshire,3.0,90.9,1.68,96.6,85.2
"Dedicated HC Provider - Women - $50-$74,999",New Jersey,26.0,81.1,0.21,88.4,73.9
"Dedicated HC Provider - Women - $50-$74,999",New Mexico,46.0,71.5,-1.23,79.6,63.5
"Dedicated HC Provider - Women - $50-$74,999",New York,23.0,81.6,0.28,86.6,76.7
"Dedicated HC Provider - Women - $50-$74,999",North Carolina,14.0,83.9,0.63,89.8,78.1
"Dedicated HC Provider - Women - $50-$74,999",North Dakota,13.0,85.1,0.81,90.9,79.3
"Dedicated HC Provider - Women - $50-$74,999",Ohio,23.0,81.6,0.28,86.7,76.4
"Dedicated HC Provider - Women - $50-$74,999",Oklahoma,18.0,82.7,0.45,88.7,76.8
"Dedicated HC Provider - Women - $50-$74,999",Oregon,35.0,77.9,-0.27,84.4,71.4
"Dedicated HC Provider - Women - $50-$74,999",Pennsylvania,16.0,82.9,0.48,89.0,76.8
"Dedicated HC Provider - Women - $50-$74,999",Rhode Island,2.0,91.6,1.78,97.5,85.8
"Dedicated HC Provider - Women - $50-$74,999",South Carolina,31.0,78.5,-0.18,84.7,72.3
"Dedicated HC Provider - Women - $50-$74,999",South Dakota,44.0,72.1,-1.14,82.1,62.1
"Dedicated HC Provider - Women - $50-$74,999",Tennessee,32.0,78.2,-0.22,85.4,71.0
"Dedicated HC Provider - Women - $50-$74,999",Texas,45.0,72.0,-1.15,80.1,64.0
"Dedicated HC Provider - Women - $50-$74,999",Utah,39.0,73.5,-0.93,77.7,69.2
"Dedicated HC Provider - Women - $50-$74,999",Vermont,7.0,88.0,1.24,93.8,82.2
"Dedicated HC Provider - Women - $50-$74,999",Virginia,20.0,82.5,0.42,87.4,77.6
"Dedicated HC Provider - Women - $50-$74,999",Washington,43.0,72.3,-1.11,77.3,67.3
"Dedicated HC Provider - Women - $50-$74,999",West Virginia,17.0,82.8,0.46,88.5,77.2
"Dedicated HC Provider - Women - $50-$74,999",Wisconsin,11.0,85.2,0.82,91.4,79.0
"Dedicated HC Provider - Women - $50-$74,999",Wyoming,40.0,72.9,-1.02,80.8,64.9
"Dedicated HC Provider - Women - $50-$74,999",United States,,79.7,,80.9,78.5
"Dedicated HC Provider - Women - $50-$74,999",District of Columbia,,73.8,,82.4,65.1
"Dedicated HC Provider - Women - $75,000 or More",Alabama,25.0,84.8,0.02,89.4,80.1
"Dedicated HC Provider - Women - $75,000 or More",Alaska,48.0,78.7,-1.35,86.1,71.3
"Dedicated HC Provider - Women - $75,000 or More",Arizona,43.0,80.5,-0.95,84.1,76.8
"Dedicated HC Provider - Women - $75,000 or More",Arkansas,30.0,84.3,-0.09,93.3,75.4
"Dedicated HC Provider - Women - $75,000 or More",California,34.0,83.4,-0.29,86.3,80.6
"Dedicated HC Provider - Women - $75,000 or More",Colorado,47.0,79.4,-1.19,82.4,76.4
"Dedicated HC Provider - Women - $75,000 or More",Connecticut,11.0,89.2,1.01,91.8,86.6
"Dedicated HC Provider - Women - $75,000 or More",Delaware,18.0,87.5,0.63,93.0,82.0
"Dedicated HC Provider - Women - $75,000 or More",Florida,35.0,83.1,-0.36,86.8,79.3
"Dedicated HC Provider - Women - $75,000 or More",Georgia,35.0,83.1,-0.36,87.5,78.6
"Dedicated HC Provider - Women - $75,000 or More",Hawaii,8.0,90.0,1.19,93.0,86.9
"Dedicated HC Provider - Women - $75,000 or More",Idaho,31.0,83.7,-0.23,88.6,78.9
"Dedicated HC Provider - Women - $75,000 or More",Illinois,21.0,86.2,0.34,89.8,82.5
"Dedicated HC Provider - Women - $75,000 or More",Indiana,15.0,88.6,0.88,91.6,85.5
"Dedicated HC Provider - Women - $75,000 or More",Iowa,9.0,89.7,1.13,92.9,86.6
"Dedicated HC Provider - Women - $75,000 or More",Kansas,13.0,88.7,0.9,91.0,86.4
"Dedicated HC Provider - Women - $75,000 or More",Kentucky,28.0,84.5,-0.05,89.0,80.1
"Dedicated HC Provider - Women - $75,000 or More",Louisiana,32.0,83.5,-0.27,88.5,78.6
"Dedicated HC Provider - Women - $75,000 or More",Maine,3.0,93.4,1.96,96.1,90.6
"Dedicated HC Provider - Women - $75,000 or More",Maryland,12.0,88.9,0.95,91.3,86.6
"Dedicated HC Provider - Women - $75,000 or More",Massachusetts,7.0,91.8,1.6,94.4,89.3
"Dedicated HC Provider - Women - $75,000 or More",Michigan,10.0,89.6,1.1,92.2,86.9
"Dedicated HC Provider - Women - $75,000 or More",Minnesota,44.0,80.2,-1.01,82.5,77.9
"Dedicated HC Provider - Women - $75,000 or More",Mississippi,22.0,86.0,0.29,91.7,80.3
"Dedicated HC Provider - Women - $75,000 or More",Missouri,28.0,84.5,-0.05,89.3,79.6
"Dedicated HC Provider - Women - $75,000 or More",Montana,39.0,82.4,-0.52,87.6,77.2
"Dedicated HC Provider - Women - $75,000 or More",Nebraska,6.0,92.5,1.76,94.7,90.4
"Dedicated HC Provider - Women - $75,000 or More",Nevada,50.0,77.2,-1.69,84.1,70.2
"Dedicated HC Provider - Women - $75,000 or More",New Hampshire,4.0,93.1,1.89,96.3,90.0
"Dedicated HC Provider - Women - $75,000 or More",New Jersey,27.0,84.6,-0.02,88.7,80.4
"Dedicated HC Provider - Women - $75,000 or More",New Mexico,37.0,83.0,-0.38,88.4,77.6
"Dedicated HC Provider - Women - $75,000 or More",New York,19.0,86.7,0.45,89.2,84.1
"Dedicated HC Provider - Women - $75,000 or More",North Carolina,26.0,84.7,0.0,88.8,80.5
"Dedicated HC Provider - Women - $75,000 or More",North Dakota,41.0,81.4,-0.74,85.3,77.5
"Dedicated HC Provider - Women - $75,000 or More",Ohio,17.0,87.7,0.68,91.0,84.4
"Dedicated HC Provider - Women - $75,000 or More",Oklahoma,20.0,86.4,0.38,90.3,82.5
"Dedicated HC Provider - Women - $75,000 or More",Oregon,44.0,80.2,-1.01,84.6,75.8
"Dedicated HC Provider - Women - $75,000 or More",Pennsylvania,13.0,88.7,0.9,91.7,85.8
"Dedicated HC Provider - Women - $75,000 or More",Rhode Island,1.0,94.2,2.0,97.0,91.4
"Dedicated HC Provider - Women - $75,000 or More",South Carolina,23.0,85.7,0.23,89.4,82.0
"Dedicated HC Provider - Women - $75,000 or More",South Dakota,24.0,85.1,0.09,90.3,79.9
"Dedicated HC Provider - Women - $75,000 or More",Tennessee,38.0,82.6,-0.47,87.9,77.2
"Dedicated HC Provider - Women - $75,000 or More",Texas,48.0,78.7,-1.35,83.3,74.2
"Dedicated HC Provider - Women - $75,000 or More",Utah,46.0,79.6,-1.15,82.4,76.7
"Dedicated HC Provider - Women - $75,000 or More",Vermont,2.0,94.0,2.0,96.5,91.5
"Dedicated HC Provider - Women - $75,000 or More",Virginia,32.0,83.5,-0.27,86.7,80.2
"Dedicated HC Provider - Women - $75,000 or More",Washington,40.0,81.8,-0.65,84.4,79.1
"Dedicated HC Provider - Women - $75,000 or More",West Virginia,16.0,88.5,0.86,92.0,85.0
"Dedicated HC Provider - Women - $75,000 or More",Wisconsin,5.0,93.0,1.87,95.5,90.5
"Dedicated HC Provider - Women - $75,000 or More",Wyoming,42.0,81.2,-0.79,86.8,75.6
"Dedicated HC Provider - Women - $75,000 or More",United States,,84.7,,85.5,84.0
"Dedicated HC Provider - Women - $75,000 or More",District of Columbia,,76.3,,80.8,71.7
Dedicated HC Provider - Women - Ages 18-24,Alabama,25.0,66.7,-0.01,72.3,61.0
Dedicated HC Provider - Women - Ages 18-24,Alaska,43.0,59.0,-0.92,68.9,49.2
Dedicated HC Provider - Women - Ages 18-24,Arizona,41.0,60.0,-0.8,65.1,54.8
Dedicated HC Provider - Women - Ages 18-24,Arkansas,46.0,56.7,-1.19,67.4,45.9
Dedicated HC Provider - Women - Ages 18-24,California,36.0,63.5,-0.39,67.7,59.4
Dedicated HC Provider - Women - Ages 18-24,Colorado,35.0,63.9,-0.34,68.5,59.4
Dedicated HC Provider - Women - Ages 18-24,Connecticut,8.0,76.6,1.15,81.4,71.8
Dedicated HC Provider - Women - Ages 18-24,Delaware,15.0,74.3,0.88,81.7,67.0
Dedicated HC Provider - Women - Ages 18-24,Florida,47.0,54.0,-1.51,58.7,49.4
Dedicated HC Provider - Women - Ages 18-24,Georgia,45.0,56.9,-1.16,63.1,50.6
Dedicated HC Provider - Women - Ages 18-24,Hawaii,9.0,76.1,1.09,80.6,71.6
Dedicated HC Provider - Women - Ages 18-24,Idaho,26.0,66.2,-0.07,72.9,59.5
Dedicated HC Provider - Women - Ages 18-24,Illinois,16.0,74.0,0.85,79.5,68.6
Dedicated HC Provider - Women - Ages 18-24,Indiana,17.0,73.4,0.78,77.8,68.9
Dedicated HC Provider - Women - Ages 18-24,Iowa,13.0,74.5,0.91,79.4,69.5
Dedicated HC Provider - Women - Ages 18-24,Kansas,33.0,64.1,-0.32,67.8,60.4
Dedicated HC Provider - Women - Ages 18-24,Kentucky,28.0,65.8,-0.12,71.3,60.3
Dedicated HC Provider - Women - Ages 18-24,Louisiana,40.0,61.2,-0.66,68.9,53.5
Dedicated HC Provider - Women - Ages 18-24,Maine,1.0,85.2,2.0,90.5,79.9
Dedicated HC Provider - Women - Ages 18-24,Maryland,11.0,74.6,0.92,79.2,70.0
Dedicated HC Provider - Women - Ages 18-24,Massachusetts,4.0,79.3,1.47,84.6,74.0
Dedicated HC Provider - Women - Ages 18-24,Michigan,5.0,78.8,1.41,82.2,75.4
Dedicated HC Provider - Women - Ages 18-24,Minnesota,34.0,64.0,-0.33,67.6,60.4
Dedicated HC Provider - Women - Ages 18-24,Mississippi,22.0,67.8,0.12,75.2,60.4
Dedicated HC Provider - Women - Ages 18-24,Missouri,31.0,65.1,-0.2,70.8,59.4
Dedicated HC Provider - Women - Ages 18-24,Montana,38.0,62.1,-0.55,68.9,55.2
Dedicated HC Provider - Women - Ages 18-24,Nebraska,20.0,69.2,0.28,73.5,64.9
Dedicated HC Provider - Women - Ages 18-24,Nevada,50.0,48.6,-2.0,56.9,40.2
Dedicated HC Provider - Women - Ages 18-24,New Hampshire,6.0,78.4,1.36,85.1,71.7
Dedicated HC Provider - Women - Ages 18-24,New Jersey,19.0,69.5,0.32,75.5,63.5
Dedicated HC Provider - Women - Ages 18-24,New Mexico,48.0,52.8,-1.65,60.4,45.2
Dedicated HC Provider - Women - Ages 18-24,New York,11.0,74.6,0.92,78.2,71.0
Dedicated HC Provider - Women - Ages 18-24,North Carolina,18.0,71.3,0.53,76.7,65.9
Dedicated HC Provider - Women - Ages 18-24,North Dakota,32.0,64.6,-0.26,71.2,58.0
Dedicated HC Provider - Women - Ages 18-24,Ohio,14.0,74.4,0.89,79.0,69.8
Dedicated HC Provider - Women - Ages 18-24,Oklahoma,41.0,60.0,-0.8,66.1,53.9
Dedicated HC Provider - Women - Ages 18-24,Oregon,27.0,66.1,-0.08,72.0,60.2
Dedicated HC Provider - Women - Ages 18-24,Pennsylvania,7.0,77.2,1.22,81.9,72.5
Dedicated HC Provider - Women - Ages 18-24,Rhode Island,3.0,81.7,1.75,88.0,75.4
Dedicated HC Provider - Women - Ages 18-24,South Carolina,29.0,65.7,-0.13,70.8,60.7
Dedicated HC Provider - Women - Ages 18-24,South Dakota,39.0,61.6,-0.61,70.2,53.0
Dedicated HC Provider - Women - Ages 18-24,Tennessee,21.0,68.0,0.14,74.2,61.8
Dedicated HC Provider - Women - Ages 18-24,Texas,44.0,57.5,-1.09,63.5,51.6
Dedicated HC Provider - Women - Ages 18-24,Utah,30.0,65.5,-0.15,69.3,61.8
Dedicated HC Provider - Women - Ages 18-24,Vermont,2.0,83.6,1.98,89.0,78.3
Dedicated HC Provider - Women - Ages 18-24,Virginia,23.0,67.7,0.11,72.5,62.8
Dedicated HC Provider - Women - Ages 18-24,Washington,37.0,62.8,-0.47,67.1,58.5
Dedicated HC Provider - Women - Ages 18-24,West Virginia,24.0,66.9,0.01,72.8,61.0
Dedicated HC Provider - Women - Ages 18-24,Wisconsin,10.0,74.9,0.95,81.2,68.7
Dedicated HC Provider - Women - Ages 18-24,Wyoming,49.0,51.5,-1.8,60.3,42.7
Dedicated HC Provider - Women - Ages 18-24,United States,,66.8,,67.8,65.7
Dedicated HC Provider - Women - Ages 18-24,District of Columbia,,55.1,,62.7,47.5
Dedicated HC Provider - Women - Ages 25-34,Alabama,27.0,71.5,0.15,75.2,67.9
Dedicated HC Provider - Women - Ages 25-34,Alaska,34.0,69.4,-0.14,76.3,62.5
Dedicated HC Provider - Women - Ages 25-34,Arizona,45.0,64.3,-0.84,68.3,60.3
Dedicated HC Provider - Women - Ages 25-34,Arkansas,12.0,77.6,1.0,83.5,71.6
Dedicated HC Provider - Women - Ages 25-34,California,37.0,68.4,-0.28,71.2,65.6
Dedicated HC Provider - Women - Ages 25-34,Colorado,43.0,65.5,-0.68,68.6,62.4
Dedicated HC Provider - Women - Ages 25-34,Connecticut,10.0,78.4,1.11,81.9,74.9
Dedicated HC Provider - Women - Ages 25-34,Delaware,26.0,71.6,0.17,77.1,66.1
Dedicated HC Provider - Women - Ages 25-34,Florida,50.0,57.9,-1.73,61.3,54.6
Dedicated HC Provider - Women - Ages 25-34,Georgia,47.0,63.4,-0.97,67.6,59.2
Dedicated HC Provider - Women - Ages 25-34,Hawaii,11.0,78.0,1.05,81.7,74.2
Dedicated HC Provider - Women - Ages 25-34,Idaho,45.0,64.3,-0.84,69.6,59.1
Dedicated HC Provider - Women - Ages 25-34,Illinois,14.0,77.1,0.93,80.9,73.4
Dedicated HC Provider - Women - Ages 25-34,Indiana,16.0,77.0,0.91,80.1,73.9
Dedicated HC Provider - Women - Ages 25-34,Iowa,6.0,82.4,1.66,85.5,79.3
Dedicated HC Provider - Women - Ages 25-34,Kansas,33.0,69.5,-0.12,72.2,66.8
Dedicated HC Provider - Women - Ages 25-34,Kentucky,14.0,77.1,0.93,80.8,73.5
Dedicated HC Provider - Women - Ages 25-34,Louisiana,32.0,70.2,-0.03,75.3,65.2
Dedicated HC Provider - Women - Ages 25-34,Maine,1.0,87.6,2.0,90.5,84.6
Dedicated HC Provider - Women - Ages 25-34,Maryland,17.0,76.8,0.89,80.0,73.7
Dedicated HC Provider - Women - Ages 25-34,Massachusetts,4.0,84.7,1.98,88.2,81.2
Dedicated HC Provider - Women - Ages 25-34,Michigan,8.0,80.2,1.36,83.0,77.4
Dedicated HC Provider - Women - Ages 25-34,Minnesota,31.0,70.5,0.01,72.9,68.0
Dedicated HC Provider - Women - Ages 25-34,Mississippi,40.0,66.8,-0.5,71.9,61.7
Dedicated HC Provider - Women - Ages 25-34,Missouri,34.0,69.4,-0.14,74.0,64.8
Dedicated HC Provider - Women - Ages 25-34,Montana,24.0,72.1,0.24,77.0,67.3
Dedicated HC Provider - Women - Ages 25-34,Nebraska,12.0,77.6,1.0,80.5,74.7
Dedicated HC Provider - Women - Ages 25-34,Nevada,48.0,58.8,-1.61,64.6,53.0
Dedicated HC Provider - Women - Ages 25-34,New Hampshire,2.0,87.0,2.0,91.0,83.0
Dedicated HC Provider - Women - Ages 25-34,New Jersey,25.0,71.7,0.18,75.9,67.6
Dedicated HC Provider - Women - Ages 25-34,New Mexico,44.0,64.4,-0.83,69.1,59.8
Dedicated HC Provider - Women - Ages 25-34,New York,19.0,75.9,0.76,78.4,73.4
Dedicated HC Provider - Women - Ages 25-34,North Carolina,29.0,70.8,0.06,74.8,66.8
Dedicated HC Provider - Women - Ages 25-34,North Dakota,22.0,73.6,0.44,77.9,69.4
Dedicated HC Provider - Women - Ages 25-34,Ohio,18.0,76.7,0.87,79.9,73.5
Dedicated HC Provider - Women - Ages 25-34,Oklahoma,38.0,67.8,-0.36,71.7,63.8
Dedicated HC Provider - Women - Ages 25-34,Oregon,27.0,71.5,0.15,75.7,67.4
Dedicated HC Provider - Women - Ages 25-34,Pennsylvania,9.0,79.8,1.3,83.3,76.3
Dedicated HC Provider - Women - Ages 25-34,Rhode Island,5.0,82.8,1.72,87.0,78.7
Dedicated HC Provider - Women - Ages 25-34,South Carolina,36.0,69.1,-0.18,72.6,65.5
Dedicated HC Provider - Women - Ages 25-34,South Dakota,20.0,74.9,0.62,80.2,69.6
Dedicated HC Provider - Women - Ages 25-34,Tennessee,23.0,73.5,0.43,78.0,69.0
Dedicated HC Provider - Women - Ages 25-34,Texas,49.0,58.5,-1.65,62.6,54.3
Dedicated HC Provider - Women - Ages 25-34,Utah,41.0,66.6,-0.53,69.6,63.5
Dedicated HC Provider - Women - Ages 25-34,Vermont,3.0,84.9,2.0,88.5,81.4
Dedicated HC Provider - Women - Ages 25-34,Virginia,42.0,65.7,-0.65,69.4,62.0
Dedicated HC Provider - Women - Ages 25-34,Washington,30.0,70.6,0.03,73.4,67.8
Dedicated HC Provider - Women - Ages 25-34,West Virginia,21.0,74.4,0.55,78.0,70.8
Dedicated HC Provider - Women - Ages 25-34,Wisconsin,7.0,82.1,1.62,86.3,77.9
Dedicated HC Provider - Women - Ages 25-34,Wyoming,39.0,67.2,-0.44,73.0,61.4
Dedicated HC Provider - Women - Ages 25-34,United States,,70.4,,71.1,69.6
Dedicated HC Provider - Women - Ages 25-34,District of Columbia,,70.2,,74.5,65.8
Dedicated HC Provider - Women - Ages 35-44,Alabama,32.0,79.6,-0.12,83.0,76.2
Dedicated HC Provider - Women - Ages 35-44,Alaska,43.0,75.9,-0.73,83.1,68.7
Dedicated HC Provider - Women - Ages 35-44,Arizona,47.0,72.4,-1.31,75.6,69.1
Dedicated HC Provider - Women - Ages 35-44,Arkansas,27.0,80.6,0.05,85.7,75.5
Dedicated HC Provider - Women - Ages 35-44,California,36.0,78.5,-0.3,81.0,76.0
Dedicated HC Provider - Women - Ages 35-44,Colorado,36.0,78.5,-0.3,81.0,76.1
Dedicated HC Provider - Women - Ages 35-44,Connecticut,13.0,85.8,0.91,88.4,83.2
Dedicated HC Provider - Women - Ages 35-44,Delaware,20.0,84.2,0.65,88.2,80.3
Dedicated HC Provider - Women - Ages 35-44,Florida,46.0,74.4,-0.98,77.5,71.3
Dedicated HC Provider - Women - Ages 35-44,Georgia,44.0,75.3,-0.83,79.0,71.6
Dedicated HC Provider - Women - Ages 35-44,Hawaii,4.0,90.0,1.61,92.2,87.9
Dedicated HC Provider - Women - Ages 35-44,Idaho,30.0,80.0,-0.05,84.0,76.0
Dedicated HC Provider - Women - Ages 35-44,Illinois,14.0,85.3,0.83,88.3,82.2
Dedicated HC Provider - Women - Ages 35-44,Indiana,12.0,86.0,0.95,88.3,83.8
Dedicated HC Provider - Women - Ages 35-44,Iowa,10.0,87.8,1.25,90.6,85.0
Dedicated HC Provider - Women - Ages 35-44,Kansas,23.0,83.6,0.55,85.8,81.4
Dedicated HC Provider - Women - Ages 35-44,Kentucky,18.0,84.8,0.75,87.8,81.8
Dedicated HC Provider - Women - Ages 35-44,Louisiana,19.0,84.4,0.68,88.0,80.7
Dedicated HC Provider - Women - Ages 35-44,Maine,7.0,89.1,1.46,91.9,86.2
Dedicated HC Provider - Women - Ages 35-44,Maryland,11.0,86.5,1.03,89.0,83.9
Dedicated HC Provider - Women - Ages 35-44,Massachusetts,3.0,91.3,1.83,93.9,88.7
Dedicated HC Provider - Women - Ages 35-44,Michigan,8.0,88.6,1.38,90.7,86.6
Dedicated HC Provider - Women - Ages 35-44,Minnesota,40.0,77.1,-0.53,79.3,75.0
Dedicated HC Provider - Women - Ages 35-44,Mississippi,26.0,81.0,0.12,84.8,77.2
Dedicated HC Provider - Women - Ages 35-44,Missouri,35.0,78.7,-0.27,82.8,74.6
Dedicated HC Provider - Women - Ages 35-44,Montana,42.0,76.7,-0.6,80.9,72.5
Dedicated HC Provider - Women - Ages 35-44,Nebraska,15.0,85.2,0.81,87.5,82.8
Dedicated HC Provider - Women - Ages 35-44,Nevada,48.0,70.8,-1.58,76.3,65.4
Dedicated HC Provider - Women - Ages 35-44,New Hampshire,5.0,89.7,1.56,92.7,86.6
Dedicated HC Provider - Women - Ages 35-44,New Jersey,17.0,85.1,0.8,88.1,82.1
Dedicated HC Provider - Women - Ages 35-44,New Mexico,45.0,74.8,-0.91,78.7,71.0
Dedicated HC Provider - Women - Ages 35-44,New York,22.0,83.9,0.6,86.0,81.7
Dedicated HC Provider - Women - Ages 35-44,North Carolina,29.0,80.1,-0.03,83.5,76.8
Dedicated HC Provider - Women - Ages 35-44,North Dakota,24.0,81.8,0.25,85.2,78.3
Dedicated HC Provider - Women - Ages 35-44,Ohio,15.0,85.2,0.81,87.8,82.7
Dedicated HC Provider - Women - Ages 35-44,Oklahoma,38.0,78.0,-0.38,81.7,74.4
Dedicated HC Provider - Women - Ages 35-44,Oregon,39.0,77.2,-0.52,80.7,73.7
Dedicated HC Provider - Women - Ages 35-44,Pennsylvania,9.0,88.3,1.33,91.2,85.4
Dedicated HC Provider - Women - Ages 35-44,Rhode Island,2.0,92.1,1.96,94.6,89.5
Dedicated HC Provider - Women - Ages 35-44,South Carolina,27.0,80.6,0.05,83.4,77.7
Dedicated HC Provider - Women - Ages 35-44,South Dakota,31.0,79.9,-0.07,84.7,75.0
Dedicated HC Provider - Women - Ages 35-44,Tennessee,32.0,79.6,-0.12,83.7,75.6
Dedicated HC Provider - Women - Ages 35-44,Texas,49.0,68.3,-2.0,72.3,64.4
Dedicated HC Provider - Women - Ages 35-44,Utah,41.0,76.8,-0.58,79.3,74.3
Dedicated HC Provider - Women - Ages 35-44,Vermont,1.0,92.2,1.98,94.4,90.0
Dedicated HC Provider - Women - Ages 35-44,Virginia,24.0,81.8,0.25,84.4,79.3
Dedicated HC Provider - Women - Ages 35-44,Washington,32.0,79.6,-0.12,81.9,77.2
Dedicated HC Provider - Women - Ages 35-44,West Virginia,21.0,84.0,0.62,86.8,81.1
Dedicated HC Provider - Women - Ages 35-44,Wisconsin,6.0,89.5,1.53,92.4,86.7
Dedicated HC Provider - Women - Ages 35-44,Wyoming,50.0,66.8,-2.0,72.0,61.7
Dedicated HC Provider - Women - Ages 35-44,United States,,80.3,,80.9,79.6
Dedicated HC Provider - Women - Ages 35-44,District of Columbia,,81.2,,84.5,77.8
Dedicated HC Provider - Women - American Indian/Alaska Native,Alabama,,,,,
Dedicated HC Provider - Women - American Indian/Alaska Native,Alaska,,69.8,,80.5,59.1
Dedicated HC Provider - Women - American Indian/Alaska Native,Arizona,,51.6,,60.9,42.3
Dedicated HC Provider - Women - American Indian/Alaska Native,Arkansas,,,,,
Dedicated HC Provider - Women - American Indian/Alaska Native,California,,,,,
Dedicated HC Provider - Women - American Indian/Alaska Native,Colorado,,,,,
Dedicated HC Provider - Women - American Indian/Alaska Native,Connecticut,,,,,
Dedicated HC Provider - Women - American Indian/Alaska Native,Delaware,,,,,
Dedicated HC Provider - Women - American Indian/Alaska Native,Florida,,77.8,,95.5,60.1
Dedicated HC Provider - Women - American Indian/Alaska Native,Georgia,,,,,
Dedicated HC Provider - Women - American Indian/Alaska Native,Hawaii,,,,,
Dedicated HC Provider - Women - American Indian/Alaska Native,Idaho,,,,,
Dedicated HC Provider - Women - American Indian/Alaska Native,Illinois,,,,,
Dedicated HC Provider - Women - American Indian/Alaska Native,Indiana,,,,,
Dedicated HC Provider - Women - American Indian/Alaska Native,Iowa,,,,,
Dedicated HC Provider - Women - American Indian/Alaska Native,Kansas,,74.7,,91.4,58.1
Dedicated HC Provider - Women - American Indian/Alaska Native,Kentucky,,,,,
Dedicated HC Provider - Women - American Indian/Alaska Native,Louisiana,,,,,
Dedicated HC Provider - Women - American Indian/Alaska Native,Maine,,,,,
Dedicated HC Provider - Women - American Indian/Alaska Native,Maryland,,,,,
Dedicated HC Provider - Women - American Indian/Alaska Native,Massachusetts,,,,,
Dedicated HC Provider - Women - American Indian/Alaska Native,Michigan,,,,,
Dedicated HC Provider - Women - American Indian/Alaska Native,Minnesota,,62.1,,75.1,49.1
Dedicated HC Provider - Women - American Indian/Alaska Native,Mississippi,,,,,
Dedicated HC Provider - Women - American Indian/Alaska Native,Missouri,,,,,
Dedicated HC Provider - Women - American Indian/Alaska Native,Montana,,58.3,,68.7,47.8
Dedicated HC Provider - Women - American Indian/Alaska Native,Nebraska,,53.3,,70.9,35.6
Dedicated HC Provider - Women - American Indian/Alaska Native,Nevada,,,,,
Dedicated HC Provider - Women - American Indian/Alaska Native,New Hampshire,,,,,
Dedicated HC Provider - Women - American Indian/Alaska Native,New Jersey,,,,,
Dedicated HC Provider - Women - American Indian/Alaska Native,New Mexico,,51.5,,59.8,43.1
Dedicated HC Provider - Women - American Indian/Alaska Native,New York,,,,,
Dedicated HC Provider - Women - American Indian/Alaska Native,North Carolina,,,,,
Dedicated HC Provider - Women - American Indian/Alaska Native,North Dakota,,62.3,,75.8,48.7
Dedicated HC Provider - Women - American Indian/Alaska Native,Ohio,,,,,
Dedicated HC Provider - Women - American Indian/Alaska Native,Oklahoma,,66.4,,74.9,58.0
Dedicated HC Provider - Women - American Indian/Alaska Native,Oregon,,,,,
Dedicated HC Provider - Women - American Indian/Alaska Native,Pennsylvania,,,,,
Dedicated HC Provider - Women - American Indian/Alaska Native,Rhode Island,,,,,
Dedicated HC Provider - Women - American Indian/Alaska Native,South Carolina,,,,,
Dedicated HC Provider - Women - American Indian/Alaska Native,South Dakota,,53.2,,62.5,43.8
Dedicated HC Provider - Women - American Indian/Alaska Native,Tennessee,,,,,
Dedicated HC Provider - Women - American Indian/Alaska Native,Texas,,,,,
Dedicated HC Provider - Women - American Indian/Alaska Native,Utah,,71.3,,84.6,58.0
Dedicated HC Provider - Women - American Indian/Alaska Native,Vermont,,,,,
Dedicated HC Provider - Women - American Indian/Alaska Native,Virginia,,,,,
Dedicated HC Provider - Women - American Indian/Alaska Native,Washington,,,,,
Dedicated HC Provider - Women - American Indian/Alaska Native,West Virginia,,,,,
Dedicated HC Provider - Women - American Indian/Alaska Native,Wisconsin,,,,,
Dedicated HC Provider - Women - American Indian/Alaska Native,Wyoming,,,,,
Dedicated HC Provider - Women - American Indian/Alaska Native,United States,,65.2,,68.7,61.6
Dedicated HC Provider - Women - American Indian/Alaska Native,District of Columbia,,,,,
Dedicated HC Provider - Women - Asian,Alabama,,,,,
Dedicated HC Provider - Women - Asian,Alaska,,,,,
Dedicated HC Provider - Women - Asian,Arizona,,63.5,,77.3,49.7
Dedicated HC Provider - Women - Asian,Arkansas,,,,,
Dedicated HC Provider - Women - Asian,California,,78.4,,83.0,73.8
Dedicated HC Provider - Women - Asian,Colorado,,67.8,,78.4,57.1
Dedicated HC Provider - Women - Asian,Connecticut,,68.6,,79.7,57.5
Dedicated HC Provider - Women - Asian,Delaware,,,,,
Dedicated HC Provider - Women - Asian,Florida,,67.1,,78.7,55.4
Dedicated HC Provider - Women - Asian,Georgia,,62.4,,76.5,48.4
Dedicated HC Provider - Women - Asian,Hawaii,,89.5,,92.2,86.8
Dedicated HC Provider - Women - Asian,Idaho,,,,,
Dedicated HC Provider - Women - Asian,Illinois,,73.9,,83.5,64.2
Dedicated HC Provider - Women - Asian,Indiana,,61.7,,76.0,47.5
Dedicated HC Provider - Women - Asian,Iowa,,,,,
Dedicated HC Provider - Women - Asian,Kansas,,66.0,,76.7,55.3
Dedicated HC Provider - Women - Asian,Kentucky,,,,,
Dedicated HC Provider - Women - Asian,Louisiana,,,,,
Dedicated HC Provider - Women - Asian,Maine,,,,,
Dedicated HC Provider - Women - Asian,Maryland,,77.6,,86.0,69.1
Dedicated HC Provider - Women - Asian,Massachusetts,,73.5,,82.8,64.1
Dedicated HC Provider - Women - Asian,Michigan,,78.8,,88.0,69.5
Dedicated HC Provider - Women - Asian,Minnesota,,61.8,,69.1,54.5
Dedicated HC Provider - Women - Asian,Mississippi,,,,,
Dedicated HC Provider - Women - Asian,Missouri,,,,,
Dedicated HC Provider - Women - Asian,Montana,,,,,
Dedicated HC Provider - Women - Asian,Nebraska,,57.8,,75.0,40.6
Dedicated HC Provider - Women - Asian,Nevada,,,,,
Dedicated HC Provider - Women - Asian,New Hampshire,,,,,
Dedicated HC Provider - Women - Asian,New Jersey,,72.1,,80.1,64.2
Dedicated HC Provider - Women - Asian,New Mexico,,,,,
Dedicated HC Provider - Women - Asian,New York,,82.3,,87.2,77.5
Dedicated HC Provider - Women - Asian,North Carolina,,,,,
Dedicated HC Provider - Women - Asian,North Dakota,,,,,
Dedicated HC Provider - Women - Asian,Ohio,,62.2,,76.9,47.6
Dedicated HC Provider - Women - Asian,Oklahoma,,,,,
Dedicated HC Provider - Women - Asian,Oregon,,,,,
Dedicated HC Provider - Women - Asian,Pennsylvania,,75.1,,85.3,64.9
Dedicated HC Provider - Women - Asian,Rhode Island,,72.5,,92.3,52.7
Dedicated HC Provider - Women - Asian,South Carolina,,,,,
Dedicated HC Provider - Women - Asian,South Dakota,,,,,
Dedicated HC Provider - Women - Asian,Tennessee,,,,,
Dedicated HC Provider - Women - Asian,Texas,,73.5,,85.0,62.0
Dedicated HC Provider - Women - Asian,Utah,,77.2,,88.6,65.7
Dedicated HC Provider - Women - Asian,Vermont,,,,,
Dedicated HC Provider - Women - Asian,Virginia,,74.8,,84.1,65.6
Dedicated HC Provider - Women - Asian,Washington,,64.2,,71.3,57.0
Dedicated HC Provider - Women - Asian,West Virginia,,,,,
Dedicated HC Provider - Women - Asian,Wisconsin,,,,,
Dedicated HC Provider - Women - Asian,Wyoming,,,,,
Dedicated HC Provider - Women - Asian,United States,,74.2,,76.4,72.1
Dedicated HC Provider - Women - Asian,District of Columbia,,60.3,,74.3,46.4
Dedicated HC Provider - Women - Black,Alabama,,73.2,,77.2,69.2
Dedicated HC Provider - Women - Black,Alaska,,,,,
Dedicated HC Provider - Women - Black,Arizona,,68.5,,79.8,57.3
Dedicated HC Provider - Women - Black,Arkansas,,69.0,,79.4,58.5
Dedicated HC Provider - Women - Black,California,,76.5,,83.0,69.9
Dedicated HC Provider - Women - Black,Colorado,,71.1,,81.5,60.7
Dedicated HC Provider - Women - Black,Connecticut,,83.3,,88.6,78.0
Dedicated HC Provider - Women - Black,Delaware,,79.6,,86.5,72.7
Dedicated HC Provider - Women - Black,Florida,,69.4,,74.3,64.5
Dedicated HC Provider - Women - Black,Georgia,,70.4,,75.0,65.8
Dedicated HC Provider - Women - Black,Hawaii,,,,,
Dedicated HC Provider - Women - Black,Idaho,,,,,
Dedicated HC Provider - Women - Black,Illinois,,83.6,,88.8,78.4
Dedicated HC Provider - Women - Black,Indiana,,77.9,,83.9,71.9
Dedicated HC Provider - Women - Black,Iowa,,73.6,,86.7,60.5
Dedicated HC Provider - Women - Black,Kansas,,59.7,,68.8,50.7
Dedicated HC Provider - Women - Black,Kentucky,,71.9,,81.3,62.5
Dedicated HC Provider - Women - Black,Louisiana,,71.6,,77.4,65.8
Dedicated HC Provider - Women - Black,Maine,,,,,
Dedicated HC Provider - Women - Black,Maryland,,84.7,,87.5,82.0
Dedicated HC Provider - Women - Black,Massachusetts,,89.9,,96.8,83.0
Dedicated HC Provider - Women - Black,Michigan,,81.8,,86.0,77.5
Dedicated HC Provider - Women - Black,Minnesota,,66.4,,72.9,59.9
Dedicated HC Provider - Women - Black,Mississippi,,69.8,,75.0,64.7
Dedicated HC Provider - Women - Black,Missouri,,66.8,,74.8,58.7
Dedicated HC Provider - Women - Black,Montana,,,,,
Dedicated HC Provider - Women - Black,Nebraska,,66.5,,77.3,55.6
Dedicated HC Provider - Women - Black,Nevada,,62.2,,75.6,48.8
Dedicated HC Provider - Women - Black,New Hampshire,,,,,
Dedicated HC Provider - Women - Black,New Jersey,,81.8,,86.9,76.7
Dedicated HC Provider - Women - Black,New Mexico,,,,,
Dedicated HC Provider - Women - Black,New York,,82.9,,86.4,79.4
Dedicated HC Provider - Women - Black,North Carolina,,79.3,,83.6,74.9
Dedicated HC Provider - Women - Black,North Dakota,,,,,
Dedicated HC Provider - Women - Black,Ohio,,73.7,,79.7,67.6
Dedicated HC Provider - Women - Black,Oklahoma,,69.7,,78.5,60.9
Dedicated HC Provider - Women - Black,Oregon,,,,,
Dedicated HC Provider - Women - Black,Pennsylvania,,84.0,,89.2,78.7
Dedicated HC Provider - Women - Black,Rhode Island,,90.5,,98.3,82.8
Dedicated HC Provider - Women - Black,South Carolina,,74.8,,78.4,71.2
Dedicated HC Provider - Women - Black,South Dakota,,,,,
Dedicated HC Provider - Women - Black,Tennessee,,77.5,,84.2,70.7
Dedicated HC Provider - Women - Black,Texas,,66.6,,74.3,58.8
Dedicated HC Provider - Women - Black,Utah,,,,,
Dedicated HC Provider - Women - Black,Vermont,,,,,
Dedicated HC Provider - Women - Black,Virginia,,75.9,,80.4,71.3
Dedicated HC Provider - Women - Black,Washington,,76.8,,86.2,67.4
Dedicated HC Provider - Women - Black,West Virginia,,57.4,,73.7,41.0
Dedicated HC Provider - Women - Black,Wisconsin,,83.7,,95.3,72.2
Dedicated HC Provider - Women - Black,Wyoming,,,,,
Dedicated HC Provider - Women - Black,United States,,75.2,,76.5,74.0
Dedicated HC Provider - Women - Black,District of Columbia,,76.7,,79.9,73.4
Dedicated HC Provider - Women - College Grad,Alabama,34.0,80.8,-0.09,84.3,77.2
Dedicated HC Provider - Women - College Grad,Alaska,38.0,77.2,-0.78,83.4,71.0
Dedicated HC Provider - Women - College Grad,Arizona,50.0,72.1,-1.75,75.9,68.3
Dedicated HC Provider - Women - College Grad,Arkansas,13.0,85.8,0.85,90.7,80.9
Dedicated HC Provider - Women - College Grad,California,29.0,81.6,0.06,84.1,79.2
Dedicated HC Provider - Women - College Grad,Colorado,43.0,76.1,-0.99,78.7,73.5
Dedicated HC Provider - Women - College Grad,Connecticut,11.0,86.9,1.06,89.3,84.5
Dedicated HC Provider - Women - College Grad,Delaware,17.0,85.2,0.74,89.7,80.7
Dedicated HC Provider - Women - College Grad,Florida,49.0,73.4,-1.5,77.2,69.6
Dedicated HC Provider - Women - College Grad,Georgia,41.0,76.6,-0.89,80.4,72.8
Dedicated HC Provider - Women - College Grad,Hawaii,10.0,87.2,1.12,89.7,84.8
Dedicated HC Provider - Women - College Grad,Idaho,36.0,79.9,-0.27,84.4,75.4
Dedicated HC Provider - Women - College Grad,Illinois,19.0,84.0,0.51,87.0,81.0
Dedicated HC Provider - Women - College Grad,Indiana,12.0,86.5,0.99,89.0,84.0
Dedicated HC Provider - Women - College Grad,Iowa,5.0,89.5,1.56,91.9,87.0
Dedicated HC Provider - Women - College Grad,Kansas,18.0,84.3,0.57,86.5,82.2
Dedicated HC Provider - Women - College Grad,Kentucky,24.0,82.9,0.3,86.7,79.1
Dedicated HC Provider - Women - College Grad,Louisiana,28.0,81.7,0.08,86.1,77.2
Dedicated HC Provider - Women - College Grad,Maine,3.0,91.0,1.84,93.6,88.4
Dedicated HC Provider - Women - College Grad,Maryland,16.0,85.4,0.78,87.7,83.1
Dedicated HC Provider - Women - College Grad,Massachusetts,7.0,89.0,1.46,91.7,86.4
Dedicated HC Provider - Women - College Grad,Michigan,9.0,87.8,1.23,89.8,85.7
Dedicated HC Provider - Women - College Grad,Minnesota,42.0,76.5,-0.91,78.6,74.5
Dedicated HC Provider - Women - College Grad,Mississippi,20.0,83.9,0.49,87.8,79.9
Dedicated HC Provider - Women - College Grad,Missouri,35.0,80.4,-0.17,84.7,76.2
Dedicated HC Provider - Women - College Grad,Montana,38.0,77.2,-0.78,81.8,72.5
Dedicated HC Provider - Women - College Grad,Nebraska,8.0,88.8,1.42,90.9,86.7
Dedicated HC Provider - Women - College Grad,Nevada,46.0,74.4,-1.31,80.4,68.5
Dedicated HC Provider - Women - College Grad,New Hampshire,1.0,92.7,2.0,95.3,90.1
Dedicated HC Provider - Women - College Grad,New Jersey,25.0,82.2,0.17,85.5,78.9
Dedicated HC Provider - Women - College Grad,New Mexico,44.0,75.5,-1.1,80.2,70.7
Dedicated HC Provider - Women - College Grad,New York,21.0,83.6,0.44,85.7,81.5
Dedicated HC Provider - Women - College Grad,North Carolina,21.0,83.6,0.44,86.8,80.3
Dedicated HC Provider - Women - College Grad,North Dakota,26.0,82.0,0.13,85.5,78.5
Dedicated HC Provider - Women - College Grad,Ohio,21.0,83.6,0.44,86.5,80.8
Dedicated HC Provider - Women - College Grad,Oklahoma,29.0,81.6,0.06,85.2,78.0
Dedicated HC Provider - Women - College Grad,Oregon,45.0,74.9,-1.22,78.5,71.2
Dedicated HC Provider - Women - College Grad,Pennsylvania,14.0,85.7,0.84,88.3,83.0
Dedicated HC Provider - Women - College Grad,Rhode Island,2.0,91.1,1.86,93.8,88.3
Dedicated HC Provider - Women - College Grad,South Carolina,33.0,81.1,-0.04,84.3,78.0
Dedicated HC Provider - Women - College Grad,South Dakota,32.0,81.5,0.04,85.9,77.1
Dedicated HC Provider - Women - College Grad,Tennessee,29.0,81.6,0.06,85.7,77.5
Dedicated HC Provider - Women - College Grad,Texas,48.0,73.7,-1.44,77.8,69.7
Dedicated HC Provider - Women - College Grad,Utah,47.0,74.2,-1.35,77.0,71.4
Dedicated HC Provider - Women - College Grad,Vermont,6.0,89.1,1.48,91.7,86.5
Dedicated HC Provider - Women - College Grad,Virginia,27.0,81.9,0.11,84.6,79.2
Dedicated HC Provider - Women - College Grad,Washington,37.0,78.7,-0.49,81.2,76.2
Dedicated HC Provider - Women - College Grad,West Virginia,15.0,85.5,0.8,88.7,82.2
Dedicated HC Provider - Women - College Grad,Wisconsin,4.0,89.6,1.58,92.7,86.5
Dedicated HC Provider - Women - College Grad,Wyoming,40.0,77.0,-0.82,82.0,72.0
Dedicated HC Provider - Women - College Grad,United States,,81.3,,82.0,80.7
Dedicated HC Provider - Women - College Grad,District of Columbia,,74.0,,77.9,70.2
Dedicated HC Provider - Women - Hawaiian/Pacific Islander,Alabama,,,,,
Dedicated HC Provider - Women - Hawaiian/Pacific Islander,Alaska,,,,,
Dedicated HC Provider - Women - Hawaiian/Pacific Islander,Arizona,,,,,
Dedicated HC Provider - Women - Hawaiian/Pacific Islander,Arkansas,,,,,
Dedicated HC Provider - Women - Hawaiian/Pacific Islander,California,,,,,
Dedicated HC Provider - Women - Hawaiian/Pacific Islander,Colorado,,,,,
Dedicated HC Provider - Women - Hawaiian/Pacific Islander,Connecticut,,,,,
Dedicated HC Provider - Women - Hawaiian/Pacific Islander,Delaware,,,,,
Dedicated HC Provider - Women - Hawaiian/Pacific Islander,Florida,,,,,
Dedicated HC Provider - Women - Hawaiian/Pacific Islander,Georgia,,,,,
Dedicated HC Provider - Women - Hawaiian/Pacific Islander,Hawaii,,76.3,,84.5,68.2
Dedicated HC Provider - Women - Hawaiian/Pacific Islander,Idaho,,,,,
Dedicated HC Provider - Women - Hawaiian/Pacific Islander,Illinois,,,,,
Dedicated HC Provider - Women - Hawaiian/Pacific Islander,Indiana,,,,,
Dedicated HC Provider - Women - Hawaiian/Pacific Islander,Iowa,,,,,
Dedicated HC Provider - Women - Hawaiian/Pacific Islander,Kansas,,,,,
Dedicated HC Provider - Women - Hawaiian/Pacific Islander,Kentucky,,,,,
Dedicated HC Provider - Women - Hawaiian/Pacific Islander,Louisiana,,,,,
Dedicated HC Provider - Women - Hawaiian/Pacific Islander,Maine,,,,,
Dedicated HC Provider - Women - Hawaiian/Pacific Islander,Maryland,,,,,
Dedicated HC Provider - Women - Hawaiian/Pacific Islander,Massachusetts,,,,,
Dedicated HC Provider - Women - Hawaiian/Pacific Islander,Michigan,,,,,
Dedicated HC Provider - Women - Hawaiian/Pacific Islander,Minnesota,,,,,
Dedicated HC Provider - Women - Hawaiian/Pacific Islander,Mississippi,,,,,
Dedicated HC Provider - Women - Hawaiian/Pacific Islander,Missouri,,,,,
Dedicated HC Provider - Women - Hawaiian/Pacific Islander,Montana,,,,,
Dedicated HC Provider - Women - Hawaiian/Pacific Islander,Nebraska,,,,,
Dedicated HC Provider - Women - Hawaiian/Pacific Islander,Nevada,,,,,
Dedicated HC Provider - Women - Hawaiian/Pacific Islander,New Hampshire,,,,,
Dedicated HC Provider - Women - Hawaiian/Pacific Islander,New Jersey,,,,,
Dedicated HC Provider - Women - Hawaiian/Pacific Islander,New Mexico,,,,,
Dedicated HC Provider - Women - Hawaiian/Pacific Islander,New York,,,,,
Dedicated HC Provider - Women - Hawaiian/Pacific Islander,North Carolina,,,,,
Dedicated HC Provider - Women - Hawaiian/Pacific Islander,North Dakota,,,,,
Dedicated HC Provider - Women - Hawaiian/Pacific Islander,Ohio,,,,,
Dedicated HC Provider - Women - Hawaiian/Pacific Islander,Oklahoma,,,,,
Dedicated HC Provider - Women - Hawaiian/Pacific Islander,Oregon,,,,,
Dedicated HC Provider - Women - Hawaiian/Pacific Islander,Pennsylvania,,,,,
Dedicated HC Provider - Women - Hawaiian/Pacific Islander,Rhode Island,,,,,
Dedicated HC Provider - Women - Hawaiian/Pacific Islander,South Carolina,,,,,
Dedicated HC Provider - Women - Hawaiian/Pacific Islander,South Dakota,,,,,
Dedicated HC Provider - Women - Hawaiian/Pacific Islander,Tennessee,,,,,
Dedicated HC Provider - Women - Hawaiian/Pacific Islander,Texas,,,,,
Dedicated HC Provider - Women - Hawaiian/Pacific Islander,Utah,,,,,
Dedicated HC Provider - Women - Hawaiian/Pacific Islander,Vermont,,,,,
Dedicated HC Provider - Women - Hawaiian/Pacific Islander,Virginia,,,,,
Dedicated HC Provider - Women - Hawaiian/Pacific Islander,Washington,,,,,
Dedicated HC Provider - Women - Hawaiian/Pacific Islander,West Virginia,,,,,
Dedicated HC Provider - Women - Hawaiian/Pacific Islander,Wisconsin,,,,,
Dedicated HC Provider - Women - Hawaiian/Pacific Islander,Wyoming,,,,,
Dedicated HC Provider - Women - Hawaiian/Pacific Islander,United States,,70.1,,76.9,63.3
Dedicated HC Provider - Women - Hawaiian/Pacific Islander,District of Columbia,,,,,
Dedicated HC Provider - Women - High School Grad,Alabama,22.0,75.5,0.49,80.3,70.8
Dedicated HC Provider - Women - High School Grad,Alaska,30.0,70.5,-0.19,80.3,60.6
Dedicated HC Provider - Women - High School Grad,Arizona,44.0,65.2,-0.92,70.5,59.8
Dedicated HC Provider - Women - High School Grad,Arkansas,22.0,75.5,0.49,83.3,67.8
Dedicated HC Provider - Women - High School Grad,California,42.0,66.6,-0.72,71.2,62.0
Dedicated HC Provider - Women - High School Grad,Colorado,33.0,70.0,-0.26,75.0,64.9
Dedicated HC Provider - Women - High School Grad,Connecticut,16.0,78.4,0.89,83.3,73.4
Dedicated HC Provider - Women - High School Grad,Delaware,14.0,79.7,1.07,86.5,72.9
Dedicated HC Provider - Women - High School Grad,Florida,43.0,66.2,-0.78,71.2,61.3
Dedicated HC Provider - Women - High School Grad,Georgia,39.0,68.4,-0.48,74.4,62.5
Dedicated HC Provider - Women - High School Grad,Hawaii,10.0,81.2,1.27,86.7,75.7
Dedicated HC Provider - Women - High School Grad,Idaho,48.0,61.8,-1.38,69.2,54.5
Dedicated HC Provider - Women - High School Grad,Illinois,15.0,78.6,0.92,85.1,72.2
Dedicated HC Provider - Women - High School Grad,Indiana,12.0,80.1,1.12,84.0,76.2
Dedicated HC Provider - Women - High School Grad,Iowa,8.0,82.1,1.39,87.0,77.1
Dedicated HC Provider - Women - High School Grad,Kansas,36.0,69.2,-0.37,73.3,65.0
Dedicated HC Provider - Women - High School Grad,Kentucky,22.0,75.5,0.49,81.2,69.8
Dedicated HC Provider - Women - High School Grad,Louisiana,18.0,76.6,0.64,82.3,70.9
Dedicated HC Provider - Women - High School Grad,Maine,3.0,84.2,1.68,88.9,79.4
Dedicated HC Provider - Women - High School Grad,Maryland,7.0,82.3,1.42,86.3,78.3
Dedicated HC Provider - Women - High School Grad,Massachusetts,1.0,88.0,2.0,93.4,82.6
Dedicated HC Provider - Women - High School Grad,Michigan,11.0,80.5,1.18,84.6,76.4
Dedicated HC Provider - Women - High School Grad,Minnesota,40.0,68.3,-0.49,73.0,63.7
Dedicated HC Provider - Women - High School Grad,Mississippi,36.0,69.2,-0.37,76.0,62.3
Dedicated HC Provider - Women - High School Grad,Missouri,46.0,64.6,-1.0,72.0,57.2
Dedicated HC Provider - Women - High School Grad,Montana,35.0,69.4,-0.34,76.6,62.3
Dedicated HC Provider - Women - High School Grad,Nebraska,20.0,75.8,0.53,80.6,71.0
Dedicated HC Provider - Women - High School Grad,Nevada,49.0,58.7,-1.8,67.0,50.4
Dedicated HC Provider - Women - High School Grad,New Hampshire,9.0,81.6,1.33,87.7,75.5
Dedicated HC Provider - Women - High School Grad,New Jersey,17.0,77.6,0.78,83.8,71.5
Dedicated HC Provider - Women - High School Grad,New Mexico,41.0,67.0,-0.67,72.8,61.2
Dedicated HC Provider - Women - High School Grad,New York,13.0,79.9,1.09,83.5,76.2
Dedicated HC Provider - Women - High School Grad,North Carolina,34.0,69.9,-0.27,75.9,63.9
Dedicated HC Provider - Women - High School Grad,North Dakota,38.0,69.1,-0.38,76.4,61.8
Dedicated HC Provider - Women - High School Grad,Ohio,20.0,75.8,0.53,80.3,71.4
Dedicated HC Provider - Women - High School Grad,Oklahoma,32.0,70.2,-0.23,75.4,64.9
Dedicated HC Provider - Women - High School Grad,Oregon,29.0,71.7,-0.03,79.1,64.2
Dedicated HC Provider - Women - High School Grad,Pennsylvania,4.0,84.0,1.65,88.9,79.1
Dedicated HC Provider - Women - High School Grad,Rhode Island,5.0,83.3,1.56,89.6,77.1
Dedicated HC Provider - Women - High School Grad,South Carolina,18.0,76.6,0.64,80.9,72.3
Dedicated HC Provider - Women - High School Grad,South Dakota,26.0,73.7,0.25,82.9,64.4
Dedicated HC Provider - Women - High School Grad,Tennessee,27.0,73.2,0.18,79.6,66.9
Dedicated HC Provider - Women - High School Grad,Texas,50.0,57.0,-2.0,63.1,50.9
Dedicated HC Provider - Women - High School Grad,Utah,31.0,70.4,-0.21,74.7,66.1
Dedicated HC Provider - Women - High School Grad,Vermont,2.0,86.9,2.0,92.1,81.8
Dedicated HC Provider - Women - High School Grad,Virginia,44.0,65.2,-0.92,70.5,59.9
Dedicated HC Provider - Women - High School Grad,Washington,28.0,72.8,0.12,77.3,68.4
Dedicated HC Provider - Women - High School Grad,West Virginia,25.0,75.0,0.42,79.7,70.3
Dedicated HC Provider - Women - High School Grad,Wisconsin,5.0,83.3,1.56,89.5,77.1
Dedicated HC Provider - Women - High School Grad,Wyoming,47.0,64.2,-1.05,72.0,56.4
Dedicated HC Provider - Women - High School Grad,United States,,71.9,,73.0,70.7
Dedicated HC Provider - Women - High School Grad,District of Columbia,,75.3,,81.3,69.3
Dedicated HC Provider - Women - Hispanic,Alabama,,59.0,,75.2,42.8
Dedicated HC Provider - Women - Hispanic,Alaska,,,,,
Dedicated HC Provider - Women - Hispanic,Arizona,,65.1,,69.3,60.9
Dedicated HC Provider - Women - Hispanic,Arkansas,,49.5,,66.3,32.6
Dedicated HC Provider - Women - Hispanic,California,,63.2,,66.0,60.4
Dedicated HC Provider - Women - Hispanic,Colorado,,63.4,,67.4,59.4
Dedicated HC Provider - Women - Hispanic,Connecticut,,69.0,,74.3,63.6
Dedicated HC Provider - Women - Hispanic,Delaware,,58.2,,66.1,50.4
Dedicated HC Provider - Women - Hispanic,Florida,,52.0,,56.5,47.5
Dedicated HC Provider - Women - Hispanic,Georgia,,43.9,,51.0,36.9
Dedicated HC Provider - Women - Hispanic,Hawaii,,84.8,,89.2,80.3
Dedicated HC Provider - Women - Hispanic,Idaho,,67.4,,75.8,59.0
Dedicated HC Provider - Women - Hispanic,Illinois,,74.0,,79.1,68.9
Dedicated HC Provider - Women - Hispanic,Indiana,,63.5,,70.4,56.6
Dedicated HC Provider - Women - Hispanic,Iowa,,69.7,,78.1,61.2
Dedicated HC Provider - Women - Hispanic,Kansas,,54.9,,60.0,49.8
Dedicated HC Provider - Women - Hispanic,Kentucky,,72.3,,87.3,57.4
Dedicated HC Provider - Women - Hispanic,Louisiana,,60.9,,78.3,43.5
Dedicated HC Provider - Women - Hispanic,Maine,,,,,
Dedicated HC Provider - Women - Hispanic,Maryland,,58.6,,65.9,51.2
Dedicated HC Provider - Women - Hispanic,Massachusetts,,75.1,,81.4,68.8
Dedicated HC Provider - Women - Hispanic,Michigan,,74.8,,83.0,66.6
Dedicated HC Provider - Women - Hispanic,Minnesota,,53.3,,59.2,47.3
Dedicated HC Provider - Women - Hispanic,Mississippi,,,,,
Dedicated HC Provider - Women - Hispanic,Missouri,,67.1,,79.8,54.3
Dedicated HC Provider - Women - Hispanic,Montana,,84.4,,95.2,73.5
Dedicated HC Provider - Women - Hispanic,Nebraska,,61.9,,67.2,56.6
Dedicated HC Provider - Women - Hispanic,Nevada,,51.0,,56.9,45.0
Dedicated HC Provider - Women - Hispanic,New Hampshire,,,,,
Dedicated HC Provider - Women - Hispanic,New Jersey,,63.4,,68.9,58.0
Dedicated HC Provider - Women - Hispanic,New Mexico,,65.0,,69.4,60.6
Dedicated HC Provider - Women - Hispanic,New York,,66.9,,70.6,63.2
Dedicated HC Provider - Women - Hispanic,North Carolina,,48.2,,56.1,40.3
Dedicated HC Provider - Women - Hispanic,North Dakota,,,,,
Dedicated HC Provider - Women - Hispanic,Ohio,,61.5,,73.2,49.8
Dedicated HC Provider - Women - Hispanic,Oklahoma,,51.6,,59.9,43.3
Dedicated HC Provider - Women - Hispanic,Oregon,,70.9,,77.8,63.9
Dedicated HC Provider - Women - Hispanic,Pennsylvania,,73.3,,82.2,64.4
Dedicated HC Provider - Women - Hispanic,Rhode Island,,77.8,,84.4,71.2
Dedicated HC Provider - Women - Hispanic,South Carolina,,46.6,,55.9,37.2
Dedicated HC Provider - Women - Hispanic,South Dakota,,,,,
Dedicated HC Provider - Women - Hispanic,Tennessee,,57.2,,71.3,43.0
Dedicated HC Provider - Women - Hispanic,Texas,,48.9,,53.1,44.7
Dedicated HC Provider - Women - Hispanic,Utah,,53.0,,58.4,47.6
Dedicated HC Provider - Women - Hispanic,Vermont,,,,,
Dedicated HC Provider - Women - Hispanic,Virginia,,52.2,,59.7,44.7
Dedicated HC Provider - Women - Hispanic,Washington,,61.7,,66.6,56.8
Dedicated HC Provider - Women - Hispanic,West Virginia,,,,,
Dedicated HC Provider - Women - Hispanic,Wisconsin,,71.1,,82.5,59.8
Dedicated HC Provider - Women - Hispanic,Wyoming,,51.2,,63.0,39.4
Dedicated HC Provider - Women - Hispanic,United States,,59.7,,61.0,58.5
Dedicated HC Provider - Women - Hispanic,District of Columbia,,63.3,,73.4,53.2
"Dedicated HC Provider - Women - Less than $25,000",Alabama,32.0,68.2,0.24,72.9,63.5
"Dedicated HC Provider - Women - Less than $25,000",Alaska,23.0,71.2,0.59,83.0,59.5
"Dedicated HC Provider - Women - Less than $25,000",Arizona,41.0,62.3,-0.46,67.9,56.7
"Dedicated HC Provider - Women - Less than $25,000",Arkansas,6.0,79.9,1.61,85.9,73.8
"Dedicated HC Provider - Women - Less than $25,000",California,38.0,64.0,-0.26,67.9,60.2
"Dedicated HC Provider - Women - Less than $25,000",Colorado,39.0,62.7,-0.41,67.7,57.6
"Dedicated HC Provider - Women - Less than $25,000",Connecticut,16.0,74.3,0.95,80.0,68.6
"Dedicated HC Provider - Women - Less than $25,000",Delaware,18.0,71.7,0.65,78.7,64.7
"Dedicated HC Provider - Women - Less than $25,000",Florida,47.0,55.5,-1.26,60.2,50.7
"Dedicated HC Provider - Women - Less than $25,000",Georgia,45.0,58.9,-0.86,64.7,53.1
"Dedicated HC Provider - Women - Less than $25,000",Hawaii,15.0,74.5,0.98,80.3,68.6
"Dedicated HC Provider - Women - Less than $25,000",Idaho,30.0,68.7,0.29,75.6,61.8
"Dedicated HC Provider - Women - Less than $25,000",Illinois,17.0,73.5,0.86,78.7,68.2
"Dedicated HC Provider - Women - Less than $25,000",Indiana,12.0,75.5,1.09,79.6,71.5
"Dedicated HC Provider - Women - Less than $25,000",Iowa,13.0,74.8,1.01,80.8,68.9
"Dedicated HC Provider - Women - Less than $25,000",Kansas,42.0,61.5,-0.55,66.0,57.0
"Dedicated HC Provider - Women - Less than $25,000",Kentucky,9.0,78.0,1.39,82.9,73.0
"Dedicated HC Provider - Women - Less than $25,000",Louisiana,19.0,71.6,0.64,78.1,65.0
"Dedicated HC Provider - Women - Less than $25,000",Maine,4.0,83.0,1.98,88.1,77.9
"Dedicated HC Provider - Women - Less than $25,000",Maryland,27.0,69.2,0.35,75.5,63.0
"Dedicated HC Provider - Women - Less than $25,000",Massachusetts,3.0,83.9,2.0,93.3,74.5
"Dedicated HC Provider - Women - Less than $25,000",Michigan,8.0,78.2,1.41,82.6,73.8
"Dedicated HC Provider - Women - Less than $25,000",Minnesota,37.0,64.3,-0.22,68.9,59.7
"Dedicated HC Provider - Women - Less than $25,000",Mississippi,34.0,68.0,0.21,73.8,62.2
"Dedicated HC Provider - Women - Less than $25,000",Missouri,40.0,62.5,-0.44,69.8,55.2
"Dedicated HC Provider - Women - Less than $25,000",Montana,33.0,68.1,0.22,75.0,61.1
"Dedicated HC Provider - Women - Less than $25,000",Nebraska,21.0,71.5,0.62,76.1,66.9
"Dedicated HC Provider - Women - Less than $25,000",Nevada,46.0,57.7,-1.0,65.3,50.1
"Dedicated HC Provider - Women - Less than $25,000",New Hampshire,5.0,80.1,1.63,88.6,71.5
"Dedicated HC Provider - Women - Less than $25,000",New Jersey,28.0,69.1,0.34,75.0,63.3
"Dedicated HC Provider - Women - Less than $25,000",New Mexico,35.0,66.6,0.05,71.6,61.7
"Dedicated HC Provider - Women - Less than $25,000",New York,14.0,74.7,1.0,78.2,71.2
"Dedicated HC Provider - Women - Less than $25,000",North Carolina,36.0,64.8,-0.16,70.4,59.2
"Dedicated HC Provider - Women - Less than $25,000",North Dakota,24.0,70.9,0.55,79.2,62.5
"Dedicated HC Provider - Women - Less than $25,000",Ohio,11.0,76.1,1.16,80.7,71.4
"Dedicated HC Provider - Women - Less than $25,000",Oklahoma,43.0,59.7,-0.76,65.4,54.0
"Dedicated HC Provider - Women - Less than $25,000",Oregon,25.0,70.7,0.53,76.5,64.9
"Dedicated HC Provider - Women - Less than $25,000",Pennsylvania,2.0,85.1,2.0,89.6,80.6
"Dedicated HC Provider - Women - Less than $25,000",Rhode Island,7.0,79.1,1.52,86.0,72.2
"Dedicated HC Provider - Women - Less than $25,000",South Carolina,31.0,68.4,0.26,72.9,63.8
"Dedicated HC Provider - Women - Less than $25,000",South Dakota,21.0,71.5,0.62,81.3,61.8
"Dedicated HC Provider - Women - Less than $25,000",Tennessee,26.0,70.4,0.49,76.7,64.1
"Dedicated HC Provider - Women - Less than $25,000",Texas,50.0,49.2,-2.0,54.7,43.6
"Dedicated HC Provider - Women - Less than $25,000",Utah,44.0,59.4,-0.8,65.4,53.5
"Dedicated HC Provider - Women - Less than $25,000",Vermont,1.0,87.8,2.0,93.0,82.7
"Dedicated HC Provider - Women - Less than $25,000",Virginia,48.0,54.6,-1.36,60.7,48.6
"Dedicated HC Provider - Women - Less than $25,000",Washington,29.0,69.0,0.33,73.5,64.6
"Dedicated HC Provider - Women - Less than $25,000",West Virginia,19.0,71.6,0.64,76.3,66.9
"Dedicated HC Provider - Women - Less than $25,000",Wisconsin,10.0,77.7,1.35,85.6,69.8
"Dedicated HC Provider - Women - Less than $25,000",Wyoming,49.0,54.2,-1.41,63.8,44.6
"Dedicated HC Provider - Women - Less than $25,000",United States,,66.2,,67.3,65.1
"Dedicated HC Provider - Women - Less than $25,000",District of Columbia,,73.3,,80.9,65.7
Dedicated HC Provider - Women - Less than High School,Alabama,,66.2,,75.2,57.1
Dedicated HC Provider - Women - Less than High School,Alaska,,,,,
Dedicated HC Provider - Women - Less than High School,Arizona,,58.5,,67.3,49.6
Dedicated HC Provider - Women - Less than High School,Arkansas,,67.4,,81.0,53.8
Dedicated HC Provider - Women - Less than High School,California,,58.2,,63.4,53.1
Dedicated HC Provider - Women - Less than High School,Colorado,,58.4,,66.1,50.6
Dedicated HC Provider - Women - Less than High School,Connecticut,,62.9,,73.6,52.2
Dedicated HC Provider - Women - Less than High School,Delaware,,55.5,,66.1,44.9
Dedicated HC Provider - Women - Less than High School,Florida,,44.6,,52.1,37.1
Dedicated HC Provider - Women - Less than High School,Georgia,,41.4,,51.3,31.5
Dedicated HC Provider - Women - Less than High School,Hawaii,,,,,
Dedicated HC Provider - Women - Less than High School,Idaho,,52.3,,64.6,40.0
Dedicated HC Provider - Women - Less than High School,Illinois,,74.2,,82.4,66.0
Dedicated HC Provider - Women - Less than High School,Indiana,,65.6,,73.5,57.7
Dedicated HC Provider - Women - Less than High School,Iowa,,66.7,,78.3,55.1
Dedicated HC Provider - Women - Less than High School,Kansas,,52.8,,61.0,44.6
Dedicated HC Provider - Women - Less than High School,Kentucky,,88.4,,94.5,82.4
Dedicated HC Provider - Women - Less than High School,Louisiana,,65.8,,78.2,53.4
Dedicated HC Provider - Women - Less than High School,Maine,,,,,
Dedicated HC Provider - Women - Less than High School,Maryland,,57.8,,68.1,47.6
Dedicated HC Provider - Women - Less than High School,Massachusetts,,77.7,,90.4,65.1
Dedicated HC Provider - Women - Less than High School,Michigan,,76.1,,86.7,65.5
Dedicated HC Provider - Women - Less than High School,Minnesota,,54.7,,63.2,46.2
Dedicated HC Provider - Women - Less than High School,Mississippi,,64.6,,78.1,51.2
Dedicated HC Provider - Women - Less than High School,Missouri,,58.0,,70.1,45.9
Dedicated HC Provider - Women - Less than High School,Montana,,80.5,,91.9,69.0
Dedicated HC Provider - Women - Less than High School,Nebraska,,59.4,,67.1,51.7
Dedicated HC Provider - Women - Less than High School,Nevada,,45.8,,56.2,35.4
Dedicated HC Provider - Women - Less than High School,New Hampshire,,,,,
Dedicated HC Provider - Women - Less than High School,New Jersey,,57.7,,67.7,47.7
Dedicated HC Provider - Women - Less than High School,New Mexico,,56.0,,64.9,47.1
Dedicated HC Provider - Women - Less than High School,New York,,64.7,,70.5,58.9
Dedicated HC Provider - Women - Less than High School,North Carolina,,52.8,,62.8,42.8
Dedicated HC Provider - Women - Less than High School,North Dakota,,,,,
Dedicated HC Provider - Women - Less than High School,Ohio,,78.0,,88.3,67.8
Dedicated HC Provider - Women - Less than High School,Oklahoma,,50.7,,60.9,40.5
Dedicated HC Provider - Women - Less than High School,Oregon,,71.6,,81.5,61.6
Dedicated HC Provider - Women - Less than High School,Pennsylvania,,75.6,,88.7,62.4
Dedicated HC Provider - Women - Less than High School,Rhode Island,,81.6,,91.5,71.6
Dedicated HC Provider - Women - Less than High School,South Carolina,,53.1,,62.5,43.7
Dedicated HC Provider - Women - Less than High School,South Dakota,,73.1,,89.2,57.0
Dedicated HC Provider - Women - Less than High School,Tennessee,,55.0,,68.8,41.1
Dedicated HC Provider - Women - Less than High School,Texas,,45.3,,53.7,36.8
Dedicated HC Provider - Women - Less than High School,Utah,,46.6,,56.1,37.1
Dedicated HC Provider - Women - Less than High School,Vermont,,,,,
Dedicated HC Provider - Women - Less than High School,Virginia,,49.1,,60.3,37.9
Dedicated HC Provider - Women - Less than High School,Washington,,60.4,,67.7,53.1
Dedicated HC Provider - Women - Less than High School,West Virginia,,70.6,,79.2,62.0
Dedicated HC Provider - Women - Less than High School,Wisconsin,,,,,
Dedicated HC Provider - Women - Less than High School,Wyoming,,,,,
Dedicated HC Provider - Women - Less than High School,United States,,58.5,,60.4,56.5
Dedicated HC Provider - Women - Less than High School,District of Columbia,,,,,
Dedicated HC Provider - Women - Multiracial,Alabama,,,,,
Dedicated HC Provider - Women - Multiracial,Alaska,,76.3,,92.4,60.2
Dedicated HC Provider - Women - Multiracial,Arizona,,64.3,,79.5,49.0
Dedicated HC Provider - Women - Multiracial,Arkansas,,,,,
Dedicated HC Provider - Women - Multiracial,California,,84.3,,91.2,77.3
Dedicated HC Provider - Women - Multiracial,Colorado,,75.1,,86.8,63.5
Dedicated HC Provider - Women - Multiracial,Connecticut,,82.7,,99.1,66.3
Dedicated HC Provider - Women - Multiracial,Delaware,,,,,
Dedicated HC Provider - Women - Multiracial,Florida,,75.7,,89.3,62.0
Dedicated HC Provider - Women - Multiracial,Georgia,,,,,
Dedicated HC Provider - Women - Multiracial,Hawaii,,77.8,,82.0,73.7
Dedicated HC Provider - Women - Multiracial,Idaho,,,,,
Dedicated HC Provider - Women - Multiracial,Illinois,,,,,
Dedicated HC Provider - Women - Multiracial,Indiana,,77.0,,88.4,65.5
Dedicated HC Provider - Women - Multiracial,Iowa,,,,,
Dedicated HC Provider - Women - Multiracial,Kansas,,65.6,,77.7,53.5
Dedicated HC Provider - Women - Multiracial,Kentucky,,79.2,,93.2,65.3
Dedicated HC Provider - Women - Multiracial,Louisiana,,,,,
Dedicated HC Provider - Women - Multiracial,Maine,,,,,
Dedicated HC Provider - Women - Multiracial,Maryland,,81.1,,92.1,70.1
Dedicated HC Provider - Women - Multiracial,Massachusetts,,92.8,,104.2,81.4
Dedicated HC Provider - Women - Multiracial,Michigan,,75.3,,85.4,65.2
Dedicated HC Provider - Women - Multiracial,Minnesota,,66.5,,78.9,54.2
Dedicated HC Provider - Women - Multiracial,Mississippi,,,,,
Dedicated HC Provider - Women - Multiracial,Missouri,,,,,
Dedicated HC Provider - Women - Multiracial,Montana,,,,,
Dedicated HC Provider - Women - Multiracial,Nebraska,,78.5,,92.8,64.2
Dedicated HC Provider - Women - Multiracial,Nevada,,,,,
Dedicated HC Provider - Women - Multiracial,New Hampshire,,,,,
Dedicated HC Provider - Women - Multiracial,New Jersey,,,,,
Dedicated HC Provider - Women - Multiracial,New Mexico,,,,,
Dedicated HC Provider - Women - Multiracial,New York,,73.2,,85.2,61.2
Dedicated HC Provider - Women - Multiracial,North Carolina,,,,,
Dedicated HC Provider - Women - Multiracial,North Dakota,,,,,
Dedicated HC Provider - Women - Multiracial,Ohio,,73.6,,86.1,61.0
Dedicated HC Provider - Women - Multiracial,Oklahoma,,67.4,,79.0,55.7
Dedicated HC Provider - Women - Multiracial,Oregon,,69.5,,80.3,58.7
Dedicated HC Provider - Women - Multiracial,Pennsylvania,,,,,
Dedicated HC Provider - Women - Multiracial,Rhode Island,,,,,
Dedicated HC Provider - Women - Multiracial,South Carolina,,65.7,,80.3,51.1
Dedicated HC Provider - Women - Multiracial,South Dakota,,,,,
Dedicated HC Provider - Women - Multiracial,Tennessee,,,,,
Dedicated HC Provider - Women - Multiracial,Texas,,62.9,,83.1,42.7
Dedicated HC Provider - Women - Multiracial,Utah,,70.5,,84.7,56.4
Dedicated HC Provider - Women - Multiracial,Vermont,,,,,
Dedicated HC Provider - Women - Multiracial,Virginia,,72.1,,83.7,60.5
Dedicated HC Provider - Women - Multiracial,Washington,,67.6,,76.5,58.7
Dedicated HC Provider - Women - Multiracial,West Virginia,,,,,
Dedicated HC Provider - Women - Multiracial,Wisconsin,,,,,
Dedicated HC Provider - Women - Multiracial,Wyoming,,,,,
Dedicated HC Provider - Women - Multiracial,United States,,73.4,,76.2,70.7
Dedicated HC Provider - Women - Multiracial,District of Columbia,,,,,
Dedicated HC Provider - Women - Other Race,Alabama,,,,,
Dedicated HC Provider - Women - Other Race,Alaska,,,,,
Dedicated HC Provider - Women - Other Race,Arizona,,,,,
Dedicated HC Provider - Women - Other Race,Arkansas,,,,,
Dedicated HC Provider - Women - Other Race,California,,,,,
Dedicated HC Provider - Women - Other Race,Colorado,,,,,
Dedicated HC Provider - Women - Other Race,Connecticut,,,,,
Dedicated HC Provider - Women - Other Race,Delaware,,,,,
Dedicated HC Provider - Women - Other Race,Florida,,,,,
Dedicated HC Provider - Women - Other Race,Georgia,,,,,
Dedicated HC Provider - Women - Other Race,Hawaii,,,,,
Dedicated HC Provider - Women - Other Race,Idaho,,,,,
Dedicated HC Provider - Women - Other Race,Illinois,,,,,
Dedicated HC Provider - Women - Other Race,Indiana,,,,,
Dedicated HC Provider - Women - Other Race,Iowa,,,,,
Dedicated HC Provider - Women - Other Race,Kansas,,,,,
Dedicated HC Provider - Women - Other Race,Kentucky,,,,,
Dedicated HC Provider - Women - Other Race,Louisiana,,,,,
Dedicated HC Provider - Women - Other Race,Maine,,,,,
Dedicated HC Provider - Women - Other Race,Maryland,,,,,
Dedicated HC Provider - Women - Other Race,Massachusetts,,,,,
Dedicated HC Provider - Women - Other Race,Michigan,,,,,
Dedicated HC Provider - Women - Other Race,Minnesota,,,,,
Dedicated HC Provider - Women - Other Race,Mississippi,,,,,
Dedicated HC Provider - Women - Other Race,Missouri,,,,,
Dedicated HC Provider - Women - Other Race,Montana,,,,,
Dedicated HC Provider - Women - Other Race,Nebraska,,,,,
Dedicated HC Provider - Women - Other Race,Nevada,,,,,
Dedicated HC Provider - Women - Other Race,New Hampshire,,,,,
Dedicated HC Provider - Women - Other Race,New Jersey,,,,,
Dedicated HC Provider - Women - Other Race,New Mexico,,,,,
Dedicated HC Provider - Women - Other Race,New York,,,,,
Dedicated HC Provider - Women - Other Race,North Carolina,,,,,
Dedicated HC Provider - Women - Other Race,North Dakota,,,,,
Dedicated HC Provider - Women - Other Race,Ohio,,,,,
Dedicated HC Provider - Women - Other Race,Oklahoma,,,,,
Dedicated HC Provider - Women - Other Race,Oregon,,,,,
Dedicated HC Provider - Women - Other Race,Pennsylvania,,,,,
Dedicated HC Provider - Women - Other Race,Rhode Island,,,,,
Dedicated HC Provider - Women - Other Race,South Carolina,,,,,
Dedicated HC Provider - Women - Other Race,South Dakota,,,,,
Dedicated HC Provider - Women - Other Race,Tennessee,,,,,
Dedicated HC Provider - Women - Other Race,Texas,,,,,
Dedicated HC Provider - Women - Other Race,Utah,,,,,
Dedicated HC Provider - Women - Other Race,Vermont,,,,,
Dedicated HC Provider - Women - Other Race,Virginia,,,,,
Dedicated HC Provider - Women - Other Race,Washington,,,,,
Dedicated HC Provider - Women - Other Race,West Virginia,,,,,
Dedicated HC Provider - Women - Other Race,Wisconsin,,,,,
Dedicated HC Provider - Women - Other Race,Wyoming,,,,,
Dedicated HC Provider - Women - Other Race,United States,,71.2,,77.9,64.5
Dedicated HC Provider - Women - Other Race,District of Columbia,,,,,
Dedicated HC Provider - Women - Some College,Alabama,37.0,75.7,-0.34,79.9,71.5
Dedicated HC Provider - Women - Some College,Alaska,40.0,73.5,-0.71,81.9,65.1
Dedicated HC Provider - Women - Some College,Arizona,46.0,72.0,-0.96,76.3,67.6
Dedicated HC Provider - Women - Some College,Arkansas,15.0,82.7,0.84,89.4,75.9
Dedicated HC Provider - Women - Some College,California,30.0,77.1,-0.1,81.0,73.3
Dedicated HC Provider - Women - Some College,Colorado,47.0,71.7,-1.01,75.5,67.8
Dedicated HC Provider - Women - Some College,Connecticut,10.0,85.1,1.24,89.3,80.9
Dedicated HC Provider - Women - Some College,Delaware,23.0,80.1,0.4,87.2,73.1
Dedicated HC Provider - Women - Some College,Florida,49.0,66.8,-1.83,70.8,62.7
Dedicated HC Provider - Women - Some College,Georgia,43.0,72.4,-0.89,77.6,67.3
Dedicated HC Provider - Women - Some College,Hawaii,12.0,83.9,1.04,87.8,80.0
Dedicated HC Provider - Women - Some College,Idaho,26.0,78.8,0.18,84.3,73.2
Dedicated HC Provider - Women - Some College,Illinois,18.0,82.1,0.74,86.9,77.3
Dedicated HC Provider - Women - Some College,Indiana,13.0,83.7,1.01,87.0,80.5
Dedicated HC Provider - Women - Some College,Iowa,7.0,86.6,1.5,90.0,83.3
Dedicated HC Provider - Women - Some College,Kansas,24.0,79.4,0.29,82.2,76.6
Dedicated HC Provider - Women - Some College,Kentucky,22.0,80.4,0.45,84.2,76.6
Dedicated HC Provider - Women - Some College,Louisiana,27.0,77.8,0.02,83.9,71.6
Dedicated HC Provider - Women - Some College,Maine,2.0,89.4,1.97,92.9,85.9
Dedicated HC Provider - Women - Some College,Maryland,8.0,85.2,1.26,88.6,81.8
Dedicated HC Provider - Women - Some College,Massachusetts,4.0,88.3,1.78,92.8,83.8
Dedicated HC Provider - Women - Some College,Michigan,8.0,85.2,1.26,88.0,82.4
Dedicated HC Provider - Women - Some College,Minnesota,29.0,77.2,-0.08,80.0,74.4
Dedicated HC Provider - Women - Some College,Mississippi,43.0,72.4,-0.89,77.7,67.1
Dedicated HC Provider - Women - Some College,Missouri,28.0,77.3,-0.07,82.5,72.0
Dedicated HC Provider - Women - Some College,Montana,41.0,73.4,-0.72,79.5,67.3
Dedicated HC Provider - Women - Some College,Nebraska,14.0,83.1,0.91,86.4,79.8
Dedicated HC Provider - Women - Some College,Nevada,45.0,72.2,-0.92,79.2,65.3
Dedicated HC Provider - Women - Some College,New Hampshire,1.0,89.5,1.98,94.1,85.0
Dedicated HC Provider - Women - Some College,New Jersey,17.0,82.2,0.76,87.0,77.3
Dedicated HC Provider - Women - Some College,New Mexico,42.0,73.3,-0.74,78.8,67.7
Dedicated HC Provider - Women - Some College,New York,19.0,81.9,0.71,85.3,78.5
Dedicated HC Provider - Women - Some College,North Carolina,25.0,79.1,0.24,83.6,74.5
Dedicated HC Provider - Women - Some College,North Dakota,33.0,76.4,-0.22,81.4,71.4
Dedicated HC Provider - Women - Some College,Ohio,16.0,82.6,0.82,86.1,79.0
Dedicated HC Provider - Women - Some College,Oklahoma,32.0,76.8,-0.15,80.8,72.7
Dedicated HC Provider - Women - Some College,Oregon,36.0,75.9,-0.3,80.4,71.3
Dedicated HC Provider - Women - Some College,Pennsylvania,11.0,84.0,1.06,88.5,79.6
Dedicated HC Provider - Women - Some College,Rhode Island,6.0,87.3,1.61,92.2,82.5
Dedicated HC Provider - Women - Some College,South Carolina,39.0,74.5,-0.54,78.6,70.4
Dedicated HC Provider - Women - Some College,South Dakota,34.0,76.2,-0.25,82.7,69.7
Dedicated HC Provider - Women - Some College,Tennessee,20.0,81.4,0.62,85.9,76.8
Dedicated HC Provider - Women - Some College,Texas,48.0,68.8,-1.5,74.0,63.5
Dedicated HC Provider - Women - Some College,Utah,35.0,76.0,-0.29,79.0,73.0
Dedicated HC Provider - Women - Some College,Vermont,3.0,88.9,1.88,93.1,84.7
Dedicated HC Provider - Women - Some College,Virginia,38.0,75.4,-0.39,79.8,71.0
Dedicated HC Provider - Women - Some College,Washington,31.0,76.9,-0.13,80.1,73.7
Dedicated HC Provider - Women - Some College,West Virginia,21.0,81.3,0.61,85.1,77.4
Dedicated HC Provider - Women - Some College,Wisconsin,5.0,87.6,1.66,91.4,83.8
Dedicated HC Provider - Women - Some College,Wyoming,50.0,65.6,-2.0,72.3,58.9
Dedicated HC Provider - Women - Some College,United States,,77.7,,78.5,76.8
Dedicated HC Provider - Women - Some College,District of Columbia,,75.1,,81.6,68.7
Dedicated HC Provider - Women - White,Alabama,36.0,74.3,-0.57,77.3,71.4
Dedicated HC Provider - Women - White,Alaska,46.0,68.4,-1.52,73.9,62.9
Dedicated HC Provider - Women - White,Arizona,46.0,68.4,-1.52,71.6,65.3
Dedicated HC Provider - Women - White,Arkansas,19.0,78.8,0.16,83.0,74.5
Dedicated HC Provider - Women - White,California,25.0,76.5,-0.21,79.3,73.8
Dedicated HC Provider - Women - White,Colorado,42.0,72.2,-0.9,74.5,69.9
Dedicated HC Provider - Women - White,Connecticut,6.0,85.7,1.28,88.1,83.3
Dedicated HC Provider - Women - White,Delaware,14.0,82.1,0.69,86.2,78.0
Dedicated HC Provider - Women - White,Florida,49.0,66.0,-1.91,68.7,63.2
Dedicated HC Provider - Women - White,Georgia,45.0,70.6,-1.16,74.4,66.7
Dedicated HC Provider - Women - White,Hawaii,24.0,77.3,-0.08,82.3,72.3
Dedicated HC Provider - Women - White,Idaho,41.0,72.6,-0.84,75.9,69.3
Dedicated HC Provider - Women - White,Illinois,17.0,81.7,0.63,84.8,78.7
Dedicated HC Provider - Women - White,Indiana,16.0,81.8,0.65,83.9,79.7
Dedicated HC Provider - Women - White,Iowa,8.0,84.7,1.11,86.8,82.6
Dedicated HC Provider - Women - White,Kansas,22.0,78.5,0.11,80.2,76.7
Dedicated HC Provider - Women - White,Kentucky,20.0,78.7,0.15,81.0,76.3
Dedicated HC Provider - Women - White,Louisiana,31.0,74.9,-0.47,78.6,71.1
Dedicated HC Provider - Women - White,Maine,3.0,88.0,1.65,90.1,85.9
Dedicated HC Provider - Women - White,Maryland,11.0,83.1,0.86,85.5,80.7
Dedicated HC Provider - Women - White,Massachusetts,2.0,89.0,1.81,91.5,86.5
Dedicated HC Provider - Women - White,Michigan,9.0,84.4,1.07,86.2,82.6
Dedicated HC Provider - Women - White,Minnesota,35.0,74.4,-0.55,76.1,72.7
Dedicated HC Provider - Women - White,Mississippi,31.0,74.9,-0.47,79.0,70.7
Dedicated HC Provider - Women - White,Missouri,38.0,73.6,-0.68,76.6,70.5
Dedicated HC Provider - Women - White,Montana,44.0,71.0,-1.1,74.3,67.6
Dedicated HC Provider - Women - White,Nebraska,12.0,82.4,0.74,84.4,80.5
Dedicated HC Provider - Women - White,Nevada,48.0,67.2,-1.71,72.4,62.1
Dedicated HC Provider - Women - White,New Hampshire,5.0,86.5,1.41,89.2,83.7
Dedicated HC Provider - Women - White,New Jersey,12.0,82.4,0.74,86.0,78.9
Dedicated HC Provider - Women - White,New Mexico,43.0,71.9,-0.95,76.9,66.9
Dedicated HC Provider - Women - White,New York,18.0,81.6,0.61,83.6,79.5
Dedicated HC Provider - Women - White,North Carolina,21.0,78.6,0.13,81.6,75.6
Dedicated HC Provider - Women - White,North Dakota,28.0,75.4,-0.39,78.4,72.4
Dedicated HC Provider - Women - White,Ohio,14.0,82.1,0.69,84.1,80.0
Dedicated HC Provider - Women - White,Oklahoma,34.0,74.6,-0.52,77.6,71.5
Dedicated HC Provider - Women - White,Oregon,37.0,73.9,-0.63,76.6,71.2
Dedicated HC Provider - Women - White,Pennsylvania,10.0,83.5,0.92,85.9,81.1
Dedicated HC Provider - Women - White,Rhode Island,1.0,89.2,1.84,91.9,86.4
Dedicated HC Provider - Women - White,South Carolina,31.0,74.9,-0.47,77.8,72.1
Dedicated HC Provider - Women - White,South Dakota,27.0,75.9,-0.31,79.7,72.0
Dedicated HC Provider - Women - White,Tennessee,28.0,75.4,-0.39,78.4,72.4
Dedicated HC Provider - Women - White,Texas,40.0,73.0,-0.78,76.6,69.3
Dedicated HC Provider - Women - White,Utah,39.0,73.3,-0.73,75.2,71.4
Dedicated HC Provider - Women - White,Vermont,4.0,87.4,1.55,89.7,85.0
Dedicated HC Provider - Women - White,Virginia,30.0,75.3,-0.4,77.9,72.8
Dedicated HC Provider - Women - White,Washington,26.0,76.4,-0.23,78.3,74.5
Dedicated HC Provider - Women - White,West Virginia,23.0,77.5,-0.05,79.8,75.2
Dedicated HC Provider - Women - White,Wisconsin,7.0,85.1,1.18,87.7,82.5
Dedicated HC Provider - Women - White,Wyoming,50.0,64.5,-2.0,68.6,60.5
Dedicated HC Provider - Women - White,United States,,77.8,,78.3,77.3
Dedicated HC Provider - Women - White,District of Columbia,,68.7,,73.8,63.5
Dedicated Health Care Provider - Women,Alabama,26.0,73.1,0.01,75.5,70.7
Dedicated Health Care Provider - Women,Alaska,43.0,69.0,-0.59,73.5,64.5
Dedicated Health Care Provider - Women,Arizona,44.0,66.0,-1.04,68.3,63.6
Dedicated Health Care Provider - Women,Arkansas,24.0,73.5,0.07,77.6,69.4
Dedicated Health Care Provider - Women,California,38.0,70.8,-0.33,72.6,69.0
Dedicated Health Care Provider - Women,Colorado,40.0,69.8,-0.48,71.7,68.0
Dedicated Health Care Provider - Women,Connecticut,11.0,80.6,1.13,82.7,78.5
Dedicated Health Care Provider - Women,Delaware,19.0,76.8,0.56,80.0,73.6
Dedicated Health Care Provider - Women,Florida,47.0,63.0,-1.49,65.1,60.9
Dedicated Health Care Provider - Women,Georgia,44.0,66.0,-1.04,68.7,63.4
Dedicated Health Care Provider - Women,Hawaii,9.0,81.9,1.32,83.9,79.9
Dedicated Health Care Provider - Women,Idaho,39.0,70.4,-0.39,73.5,67.4
Dedicated Health Care Provider - Women,Illinois,13.0,79.3,0.94,81.6,77.0
Dedicated Health Care Provider - Women,Indiana,14.0,79.1,0.91,81.0,77.3
Dedicated Health Care Provider - Women,Iowa,9.0,81.9,1.32,84.0,79.8
Dedicated Health Care Provider - Women,Kansas,27.0,72.8,-0.03,74.5,71.2
Dedicated Health Care Provider - Women,Kentucky,18.0,76.9,0.58,79.2,74.5
Dedicated Health Care Provider - Women,Louisiana,27.0,72.8,-0.03,76.0,69.6
Dedicated Health Care Provider - Women,Maine,1.0,87.5,2.0,89.5,85.4
Dedicated Health Care Provider - Women,Maryland,12.0,79.8,1.01,81.7,77.9
Dedicated Health Care Provider - Women,Massachusetts,4.0,85.4,1.84,87.6,83.2
Dedicated Health Care Provider - Women,Michigan,6.0,82.7,1.44,84.3,81.1
Dedicated Health Care Provider - Women,Minnesota,36.0,71.1,-0.28,72.7,69.6
Dedicated Health Care Provider - Women,Mississippi,32.0,72.1,-0.13,75.2,68.9
Dedicated Health Care Provider - Women,Missouri,35.0,71.5,-0.22,74.2,68.8
Dedicated Health Care Provider - Women,Montana,37.0,71.0,-0.3,74.0,67.9
Dedicated Health Care Provider - Women,Nebraska,17.0,77.8,0.71,79.7,76.0
Dedicated Health Care Provider - Women,Nevada,50.0,60.8,-1.81,64.5,57.1
Dedicated Health Care Provider - Women,New Hampshire,4.0,85.4,1.84,88.1,82.7
Dedicated Health Care Provider - Women,New Jersey,20.0,76.2,0.48,78.7,73.7
Dedicated Health Care Provider - Women,New Mexico,46.0,64.9,-1.2,68.0,61.8
Dedicated Health Care Provider - Women,New York,16.0,78.3,0.79,79.9,76.8
Dedicated Health Care Provider - Women,North Carolina,22.0,74.4,0.21,76.8,71.9
Dedicated Health Care Provider - Women,North Dakota,25.0,73.4,0.06,76.2,70.5
Dedicated Health Care Provider - Women,Ohio,14.0,79.1,0.91,81.1,77.1
Dedicated Health Care Provider - Women,Oklahoma,42.0,69.2,-0.56,71.8,66.7
Dedicated Health Care Provider - Women,Oregon,30.0,72.3,-0.1,74.8,69.7
Dedicated Health Care Provider - Women,Pennsylvania,8.0,82.0,1.34,84.1,79.9
Dedicated Health Care Provider - Women,Rhode Island,3.0,85.6,1.87,88.2,83.0
Dedicated Health Care Provider - Women,South Carolina,30.0,72.3,-0.1,74.4,70.1
Dedicated Health Care Provider - Women,South Dakota,27.0,72.8,-0.03,76.4,69.2
Dedicated Health Care Provider - Women,Tennessee,23.0,74.3,0.19,77.0,71.5
Dedicated Health Care Provider - Women,Texas,49.0,61.8,-1.66,64.4,59.1
Dedicated Health Care Provider - Women,Utah,40.0,69.8,-0.48,71.6,68.0
Dedicated Health Care Provider - Women,Vermont,2.0,87.0,2.0,89.3,84.8
Dedicated Health Care Provider - Women,Virginia,32.0,72.1,-0.13,74.2,69.9
Dedicated Health Care Provider - Women,Washington,34.0,71.9,-0.16,73.7,70.2
Dedicated Health Care Provider - Women,West Virginia,21.0,75.9,0.43,78.2,73.5
Dedicated Health Care Provider - Women,Wisconsin,6.0,82.7,1.44,85.3,80.1
Dedicated Health Care Provider - Women,Wyoming,48.0,62.8,-1.52,66.6,59.0
Dedicated Health Care Provider - Women,United States,,73.0,,73.4,72.5
Dedicated Health Care Provider - Women,District of Columbia,,70.1,,73.0,67.1
