state,state_code,year,race,race_code,hispanic_origin,hispanic_origin_code,total_births,births_by_race,total_deaths,deaths_by_race,total_mmr,mmr_by_race,total_population,population_by_race
Alabama,1,2016,Black or African American,2054-5,Not Hispanic or Latino,2186-2,59151,17989,35,14,59.17,77.83,2507714,0
Alabama,1,2016,White,2106-3,Not Hispanic or Latino,2186-2,59151,35319,35,18,59.17,50.96,2507714,0
Alabama,1,2017,Black or African American,2054-5,Not Hispanic or Latino,2186-2,58941,18354,41,25,69.56,136.21,2514911,704201
Alabama,1,2017,White,2106-3,Not Hispanic or Latino,2186-2,58941,34784,41,15,69.56,43.12,2514911,1655605
Alabama,1,2018,Black or African American,2054-5,Not Hispanic or Latino,2186-2,57761,17939,31,14,53.67,78.04,2523756,706754
Alabama,1,2018,White,2106-3,Not Hispanic or Latino,2186-2,57761,34194,31,16,53.67,46.79,2523756,1657262
Alabama,1,2019,Black or African American,2054-5,Not Hispanic or Latino,2186-2,58615,18620,35,15,59.71,80.56,2533668,709544
Alabama,1,2019,White,2106-3,Not Hispanic or Latino,2186-2,58615,33892,35,17,59.71,50.16,2533668,1660160
Arizona,4,2013,White,2106-3,Not Hispanic or Latino,2186-2,85600,38360,23,13,26.87,33.89,3331505,0
Arizona,4,2014,White,2106-3,Not Hispanic or Latino,2186-2,86887,38608,24,12,27.62,31.08,3387637,1947854
Arizona,4,2016,White,2106-3,Not Hispanic or Latino,2186-2,84520,36049,25,11,29.58,30.51,3488176,0
Arizona,4,2017,White,2106-3,Not Hispanic or Latino,2186-2,81872,34480,24,12,29.31,34.80,3527969,1982444
Arizona,4,2018,White,2106-3,Hispanic or Latino,2135-2,80723,32739,24,10,29.73,30.54,3606307,1025281
Arizona,4,2018,White,2106-3,Not Hispanic or Latino,2186-2,80723,33618,24,10,29.73,29.75,3606307,2010606
Arizona,4,2019,White,2106-3,Hispanic or Latino,2135-2,79375,32235,32,10,40.31,31.02,3661420,1045722
Arkansas,5,2009,White,2106-3,Not Hispanic or Latino,2186-2,39808,26973,20,12,50.24,44.49,1475013,0
Arkansas,5,2012,White,2106-3,Not Hispanic or Latino,2186-2,38347,25925,18,11,46.94,42.43,1500641,0
Arkansas,5,2014,White,2106-3,Not Hispanic or Latino,2186-2,38511,25940,23,17,59.72,65.54,1509053,0
Arkansas,5,2016,White,2106-3,Not Hispanic or Latino,2186-2,38274,25273,17,12,44.42,47.48,1520375,0
Arkansas,5,2018,White,2106-3,Not Hispanic or Latino,2186-2,37018,23968,23,10,62.13,41.72,1533682,1125656
California,6,2009,Black or African American,2054-5,Not Hispanic or Latino,2186-2,527020,31090,107,17,20.30,54.68,18583075,1192173
California,6,2009,White,2106-3,Hispanic or Latino,2135-2,527020,266073,107,54,20.30,20.30,18583075,0
California,6,2009,White,2106-3,Not Hispanic or Latino,2186-2,527020,146402,107,28,20.30,19.13,18583075,0
California,6,2010,Asian or Pacific Islander,A-PI,Not Hispanic or Latino,2186-2,510198,65379,82,11,16.07,16.82,18736126,2720149
California,6,2010,Black or African American,2054-5,Not Hispanic or Latino,2186-2,510198,30336,82,15,16.07,49.45,18736126,0
California,6,2010,White,2106-3,Hispanic or Latino,2135-2,510198,253281,82,37,16.07,14.61,18736126,0
California,6,2010,White,2106-3,Not Hispanic or Latino,2186-2,510198,145931,82,18,16.07,12.33,18736126,0
California,6,2011,Black or African American,2054-5,Not Hispanic or Latino,2186-2,502120,29902,71,17,14.14,56.85,18943585,0
California,6,2011,White,2106-3,Hispanic or Latino,2135-2,502120,245614,71,21,14.14,8.55,18943585,0
California,6,2011,White,2106-3,Not Hispanic or Latino,2186-2,502120,144584,71,23,14.14,15.91,18943585,7757084
California,6,2012,Black or African American,2054-5,Not Hispanic or Latino,2186-2,503755,29438,81,14,16.08,47.56,19122866,0
California,6,2012,White,2106-3,Hispanic or Latino,2135-2,503755,240454,81,34,16.08,14.14,19122866,0
California,6,2012,White,2106-3,Not Hispanic or Latino,2186-2,503755,142697,81,25,16.08,17.52,19122866,0
California,6,2013,Asian or Pacific Islander,A-PI,Not Hispanic or Latino,2186-2,494705,72708,77,10,15.56,13.75,19268325,0
California,6,2013,Black or African American,2054-5,Not Hispanic or Latino,2186-2,494705,28931,77,19,15.56,65.67,19268325,0
California,6,2013,White,2106-3,Hispanic or Latino,2135-2,494705,233714,77,23,15.56,9.84,19268325,0
California,6,2013,White,2106-3,Not Hispanic or Latino,2186-2,494705,143531,77,25,15.56,17.42,19268325,7743548
California,6,2014,Asian or Pacific Islander,A-PI,Not Hispanic or Latino,2186-2,502879,79561,88,11,17.50,13.83,19533596,0
California,6,2014,Black or African American,2054-5,Not Hispanic or Latino,2186-2,502879,28312,88,20,17.50,70.64,19533596,1223144
California,6,2014,White,2106-3,Hispanic or Latino,2135-2,502879,232620,88,32,17.50,13.76,19533596,0
California,6,2014,White,2106-3,Not Hispanic or Latino,2186-2,502879,144318,88,24,17.50,16.63,19533596,7734375
California,6,2015,Black or African American,2054-5,Not Hispanic or Latino,2186-2,491748,27035,84,18,17.08,66.58,19701750,0
California,6,2015,White,2106-3,Hispanic or Latino,2135-2,491748,229067,84,29,17.08,12.66,19701750,0
California,6,2015,White,2106-3,Not Hispanic or Latino,2186-2,491748,141592,84,28,17.08,19.78,19701750,7714126
California,6,2016,Asian or Pacific Islander,A-PI,Not Hispanic or Latino,2186-2,488827,78187,91,16,18.62,20.46,19756656,0
California,6,2016,Black or African American,2054-5,Not Hispanic or Latino,2186-2,488827,26985,91,12,18.62,44.47,19756656,0
California,6,2016,White,2106-3,Hispanic or Latino,2135-2,488827,221704,91,42,18.62,18.94,19756656,0
California,6,2016,White,2106-3,Not Hispanic or Latino,2186-2,488827,138319,91,21,18.62,15.18,19756656,7677407
California,6,2017,Black or African American,2054-5,Not Hispanic or Latino,2186-2,471658,26440,90,19,19.08,71.86,19889100,1228739
California,6,2017,White,2106-3,Hispanic or Latino,2135-2,471658,212753,90,41,19.08,19.27,19889100,7021336
California,6,2017,White,2106-3,Not Hispanic or Latino,2186-2,471658,133165,90,21,19.08,15.77,19889100,7621430
California,6,2018,Asian or Pacific Islander,A-PI,Not Hispanic or Latino,2186-2,454920,72747,81,14,17.81,19.24,19893468,3278357
California,6,2018,Black or African American,2054-5,Not Hispanic or Latino,2186-2,454920,25370,81,12,17.81,47.30,19893468,1229255
California,6,2018,White,2106-3,Hispanic or Latino,2135-2,454920,206047,81,31,17.81,15.05,19893468,7048159
California,6,2018,White,2106-3,Not Hispanic or Latino,2186-2,454920,128477,81,22,17.81,17.12,19893468,7557495
California,6,2019,Asian or Pacific Islander,A-PI,Not Hispanic or Latino,2186-2,446479,71741,71,13,15.90,18.12,19867369,3304759
California,6,2019,Black or African American,2054-5,Not Hispanic or Latino,2186-2,446479,25417,71,11,15.90,43.28,19867369,1228618
California,6,2019,White,2106-3,Hispanic or Latino,2135-2,446479,198104,71,26,15.90,13.12,19867369,7070429
California,6,2019,White,2106-3,Not Hispanic or Latino,2186-2,446479,125951,71,19,15.90,15.09,19867369,7486232
Colorado,8,2014,White,2106-3,Not Hispanic or Latino,2186-2,65830,40629,16,12,24.31,29.54,2664707,0
Florida,12,2009,Black or African American,2054-5,Not Hispanic or Latino,2186-2,221394,50723,71,24,32.07,47.32,9534289,0
Florida,12,2009,White,2106-3,Hispanic or Latino,2135-2,221394,56147,71,17,32.07,30.28,9534289,0
Florida,12,2009,White,2106-3,Not Hispanic or Latino,2186-2,221394,100577,71,29,32.07,28.83,9534289,0
Florida,12,2010,Black or African American,2054-5,Not Hispanic or Latino,2186-2,214590,49489,47,20,21.90,40.41,9611955,0
Florida,12,2010,White,2106-3,Not Hispanic or Latino,2186-2,214590,97984,47,18,21.90,18.37,9611955,0
Florida,12,2011,Black or African American,2054-5,Not Hispanic or Latino,2186-2,213414,49084,50,25,23.43,50.93,9736166,1562242
Florida,12,2011,White,2106-3,Not Hispanic or Latino,2186-2,213414,97304,50,17,23.43,17.47,9736166,0
Florida,12,2012,Black or African American,2054-5,Not Hispanic or Latino,2186-2,213148,49374,64,31,30.03,62.79,9869741,0
Florida,12,2012,White,2106-3,Not Hispanic or Latino,2186-2,213148,97042,64,26,30.03,26.79,9869741,0
Florida,12,2013,Black or African American,2054-5,Not Hispanic or Latino,2186-2,215407,49113,83,27,38.53,54.98,9990213,0
Florida,12,2013,White,2106-3,Hispanic or Latino,2135-2,215407,55045,83,22,38.53,39.97,9990213,0
Florida,12,2013,White,2106-3,Not Hispanic or Latino,2186-2,215407,98586,83,31,38.53,31.44,9990213,0
Florida,12,2014,Black or African American,2054-5,Not Hispanic or Latino,2186-2,219991,49313,62,25,28.18,50.70,10170011,1656077
Florida,12,2014,White,2106-3,Not Hispanic or Latino,2186-2,219991,100837,62,24,28.18,23.80,10170011,0
Florida,12,2015,Black or African American,2054-5,Not Hispanic or Latino,2186-2,224269,49609,68,24,30.32,48.38,10368733,0
Florida,12,2015,White,2106-3,Not Hispanic or Latino,2186-2,224269,102549,68,33,30.32,32.18,10368733,5800614
Florida,12,2016,Black or African American,2054-5,Not Hispanic or Latino,2186-2,225022,49788,50,16,22.22,32.14,10542288,1716677
Florida,12,2016,White,2106-3,Not Hispanic or Latino,2186-2,225022,100621,50,25,22.22,24.85,10542288,0
Florida,12,2017,Black or African American,2054-5,Not Hispanic or Latino,2186-2,223630,50385,48,21,21.46,41.68,10727581,1750334
Florida,12,2017,White,2106-3,Hispanic or Latino,2135-2,223630,58002,48,11,21.46,18.96,10727581,2519258
Florida,12,2017,White,2106-3,Not Hispanic or Latino,2186-2,223630,97704,48,15,21.46,15.35,10727581,5873116
Florida,12,2018,Black or African American,2054-5,Not Hispanic or Latino,2186-2,221542,49101,54,17,24.37,34.62,10887548,1771878
Florida,12,2018,White,2106-3,Hispanic or Latino,2135-2,221542,62197,54,10,24.37,16.08,10887548,2605269
Florida,12,2018,White,2106-3,Not Hispanic or Latino,2186-2,221542,97290,54,22,24.37,22.61,10887548,5905899
Florida,12,2019,Black or African American,2054-5,Not Hispanic or Latino,2186-2,220002,48761,69,28,31.36,57.42,10980681,1788071
Florida,12,2019,White,2106-3,Not Hispanic or Latino,2186-2,220002,95061,69,30,31.36,31.56,10980681,5929560
Georgia,13,2009,Black or African American,2054-5,Not Hispanic or Latino,2186-2,141377,46235,36,26,25.46,56.23,4917756,0
Georgia,13,2010,Black or African American,2054-5,Not Hispanic or Latino,2186-2,133947,44824,38,23,28.37,51.31,4958482,0
Georgia,13,2010,White,2106-3,Not Hispanic or Latino,2186-2,133947,59700,38,11,28.37,18.43,4958482,2793451
Georgia,13,2011,Black or African American,2054-5,Not Hispanic or Latino,2186-2,132409,44649,48,28,36.25,62.71,5012403,0
Georgia,13,2011,White,2106-3,Not Hispanic or Latino,2186-2,132409,60622,48,16,36.25,26.39,5012403,0
Georgia,13,2012,Black or African American,2054-5,Not Hispanic or Latino,2186-2,130280,44293,40,24,30.70,54.18,5068921,0
Georgia,13,2012,White,2106-3,Not Hispanic or Latino,2186-2,130280,60311,40,13,30.70,21.55,5068921,0
Georgia,13,2013,Black or African American,2054-5,Not Hispanic or Latino,2186-2,128748,44381,82,38,63.69,85.62,5110806,0
Georgia,13,2013,White,2106-3,Not Hispanic or Latino,2186-2,128748,59379,82,39,63.69,65.68,5110806,0
Georgia,13,2014,Black or African American,2054-5,Not Hispanic or Latino,2186-2,130946,45022,104,46,79.42,102.17,5170356,0
Georgia,13,2014,White,2106-3,Not Hispanic or Latino,2186-2,130946,60104,104,47,79.42,78.20,5170356,0
Georgia,13,2015,Black or African American,2054-5,Not Hispanic or Latino,2186-2,131404,45461,98,48,74.58,105.59,5234978,0
Georgia,13,2015,White,2106-3,Not Hispanic or Latino,2186-2,131404,60328,98,44,74.58,72.93,5234978,2834092
Georgia,13,2016,Black or African American,2054-5,Not Hispanic or Latino,2186-2,130042,45457,73,40,56.14,88.00,5289906,0
Georgia,13,2016,White,2106-3,Not Hispanic or Latino,2186-2,130042,58885,73,24,56.14,40.76,5289906,0
Georgia,13,2017,Black or African American,2054-5,Not Hispanic or Latino,2186-2,129243,45579,74,44,57.26,96.54,5353872,1780258
Georgia,13,2017,White,2106-3,Not Hispanic or Latino,2186-2,129243,57948,74,23,57.26,39.69,5353872,2843140
Georgia,13,2018,Black or African American,2054-5,Not Hispanic or Latino,2186-2,126172,44873,62,35,49.14,78.00,5404059,1806836
Georgia,13,2018,White,2106-3,Not Hispanic or Latino,2186-2,126172,56693,62,23,49.14,40.57,5404059,2847605
Georgia,13,2019,Black or African American,2054-5,Not Hispanic or Latino,2186-2,126371,44918,64,44,50.64,97.96,5456999,1833387
Georgia,13,2019,White,2106-3,Not Hispanic or Latino,2186-2,126371,55840,64,16,50.64,28.65,5456999,2856063
Illinois,17,2009,Black or African American,2054-5,Not Hispanic or Latino,2186-2,171163,29925,35,19,20.45,63.49,6520723,0
Illinois,17,2009,White,2106-3,Not Hispanic or Latino,2186-2,171163,90930,35,12,20.45,13.20,6520723,4227138
Illinois,17,2010,White,2106-3,Not Hispanic or Latino,2186-2,165200,89165,29,15,17.55,16.82,6538356,0
Illinois,17,2011,Black or African American,2054-5,Not Hispanic or Latino,2186-2,161312,27183,45,15,27.90,55.18,6555063,0
Illinois,17,2011,White,2106-3,Not Hispanic or Latino,2186-2,161312,87952,45,20,27.90,22.74,6555063,0
Illinois,17,2012,Black or African American,2054-5,Not Hispanic or Latino,2186-2,159160,27274,35,15,21.99,55.00,6555800,0
Illinois,17,2012,White,2106-3,Not Hispanic or Latino,2186-2,159160,86194,35,11,21.99,12.76,6555800,0
Illinois,17,2013,White,2106-3,Not Hispanic or Latino,2186-2,156931,85866,27,14,17.21,16.30,6555652,0
Illinois,17,2014,Black or African American,2054-5,Not Hispanic or Latino,2186-2,158556,27187,32,10,20.18,36.78,6559694,0
Illinois,17,2014,White,2106-3,Not Hispanic or Latino,2186-2,158556,86227,32,14,20.18,16.24,6559694,4133362
Illinois,17,2015,Black or African American,2054-5,Not Hispanic or Latino,2186-2,158116,27160,40,18,25.30,66.27,6545500,997787
Illinois,17,2015,White,2106-3,Not Hispanic or Latino,2186-2,158116,85424,40,17,25.30,19.90,6545500,0
Illinois,17,2016,Black or African American,2054-5,Not Hispanic or Latino,2186-2,154445,26359,28,13,18.13,49.32,6509748,0
Illinois,17,2016,White,2106-3,Not Hispanic or Latino,2186-2,154445,83153,28,11,18.13,13.23,6509748,0
Illinois,17,2017,Black or African American,2054-5,Not Hispanic or Latino,2186-2,149390,26506,39,15,26.11,56.59,6509545,989756
Illinois,17,2017,White,2106-3,Not Hispanic or Latino,2186-2,149390,79784,39,14,26.11,17.55,6509545,4040793
Illinois,17,2018,White,2106-3,Not Hispanic or Latino,2186-2,144815,78102,22,13,15.19,16.64,6480179,4002831
Illinois,17,2019,White,2106-3,Not Hispanic or Latino,2186-2,140128,75290,20,12,14.27,15.94,6445263,3966684
Indiana,18,2009,White,2106-3,Not Hispanic or Latino,2186-2,86673,66325,16,12,18.46,18.09,3281477,2718402
Indiana,18,2011,White,2106-3,Not Hispanic or Latino,2186-2,83701,64482,43,34,51.37,52.73,3309937,0
Indiana,18,2012,White,2106-3,Not Hispanic or Latino,2186-2,83227,63801,36,30,43.26,47.02,3319144,2719519
Indiana,18,2013,White,2106-3,Not Hispanic or Latino,2186-2,83102,63820,35,22,42.12,34.47,3334634,0
Indiana,18,2014,White,2106-3,Not Hispanic or Latino,2186-2,84080,64076,38,29,45.20,45.26,3347411,2720820
Indiana,18,2015,White,2106-3,Not Hispanic or Latino,2186-2,84040,63472,46,37,54.74,58.29,3357815,0
Indiana,18,2016,White,2106-3,Not Hispanic or Latino,2186-2,83091,62528,50,39,60.17,62.37,3363491,2712509
Indiana,18,2017,White,2106-3,Not Hispanic or Latino,2186-2,82170,61050,40,30,48.68,49.14,3379723,2712102
Indiana,18,2018,White,2106-3,Not Hispanic or Latino,2186-2,81646,60060,23,17,28.17,28.31,3391576,2710703
Indiana,18,2019,White,2106-3,Not Hispanic or Latino,2186-2,80859,58801,33,27,40.81,45.92,3411859,2713014
Kansas,20,2013,White,2106-3,Not Hispanic or Latino,2186-2,38839,28281,15,10,38.62,35.36,1452009,1146863
Kentucky,21,2010,White,2106-3,Not Hispanic or Latino,2186-2,55784,46607,17,13,30.47,27.89,2204415,0
Kentucky,21,2013,White,2106-3,Not Hispanic or Latino,2186-2,55686,46612,19,18,34.12,38.62,2231899,0
Kentucky,21,2015,White,2106-3,Not Hispanic or Latino,2186-2,55971,46344,17,12,30.37,25.89,2245998,0
Kentucky,21,2016,White,2106-3,Not Hispanic or Latino,2186-2,55449,45587,29,22,52.30,48.26,2250421,1943890
Kentucky,21,2017,White,2106-3,Not Hispanic or Latino,2186-2,54752,44728,18,16,32.88,35.77,2259871,1944441
Kentucky,21,2018,White,2106-3,Not Hispanic or Latino,2186-2,53922,43838,29,23,53.78,52.47,2266891,1943695
Kentucky,21,2019,White,2106-3,Not Hispanic or Latino,2186-2,53069,42720,21,16,39.57,37.45,2266644,1941173
Louisiana,22,2012,Black or African American,2054-5,Not Hispanic or Latino,2186-2,62642,23846,28,18,44.70,75.48,2349843,0
Louisiana,22,2013,Black or African American,2054-5,Not Hispanic or Latino,2186-2,63201,24031,47,28,74.37,116.52,2361537,0
Louisiana,22,2013,White,2106-3,Not Hispanic or Latino,2186-2,63201,33583,47,16,74.37,47.64,2361537,0
Louisiana,22,2014,Black or African American,2054-5,Not Hispanic or Latino,2186-2,64497,24222,40,27,62.02,111.47,2375737,0
Louisiana,22,2014,White,2106-3,Not Hispanic or Latino,2186-2,64497,34264,40,11,62.02,32.10,2375737,1416174
Louisiana,22,2015,Black or African American,2054-5,Not Hispanic or Latino,2186-2,64692,24064,44,23,68.01,95.58,2386915,0
Louisiana,22,2015,White,2106-3,Not Hispanic or Latino,2186-2,64692,34047,44,16,68.01,46.99,2386915,0
Louisiana,22,2016,Black or African American,2054-5,Not Hispanic or Latino,2186-2,63178,23428,56,35,88.64,149.39,2392296,803237
Louisiana,22,2016,White,2106-3,Not Hispanic or Latino,2186-2,63178,33267,56,18,88.64,54.11,2392296,1417028
Louisiana,22,2017,Black or African American,2054-5,Not Hispanic or Latino,2186-2,61018,22797,41,20,67.19,87.73,2394887,805564
Louisiana,22,2017,White,2106-3,Not Hispanic or Latino,2186-2,61018,31835,41,19,67.19,59.68,2394887,1411908
Louisiana,22,2018,Black or African American,2054-5,Not Hispanic or Latino,2186-2,59615,22455,22,15,36.90,66.80,2385219,805195
Louisiana,22,2019,Black or African American,2054-5,Not Hispanic or Latino,2186-2,58941,22425,26,15,44.11,66.89,2381744,805404
Maryland,24,2009,Black or African American,2054-5,Not Hispanic or Latino,2186-2,75059,24986,18,10,23.98,40.02,2960001,0
Maryland,24,2010,Black or African American,2054-5,Not Hispanic or Latino,2186-2,73801,24432,26,16,35.23,65.49,2981790,0
Maryland,24,2011,White,2106-3,Not Hispanic or Latino,2186-2,73093,33265,24,11,32.83,33.07,3007715,0
Maryland,24,2012,Black or African American,2054-5,Not Hispanic or Latino,2186-2,72883,23870,20,14,27.44,58.65,3034160,0
Maryland,24,2014,Black or African American,2054-5,Not Hispanic or Latino,2186-2,73921,23968,22,16,29.76,66.76,3079989,0
Maryland,24,2017,Black or African American,2054-5,Not Hispanic or Latino,2186-2,71641,23079,25,14,34.90,60.66,3118023,988067
Maryland,24,2019,Black or African American,2054-5,Not Hispanic or Latino,2186-2,70178,22291,22,12,31.35,53.83,3116815,996064
Massachusetts,25,2016,White,2106-3,Not Hispanic or Latino,2186-2,71317,42871,18,12,25.24,27.99,3506128,2598971
Massachusetts,25,2017,White,2106-3,Not Hispanic or Latino,2186-2,70702,41554,14,11,19.80,26.47,3529454,2589523
Michigan,26,2009,Black or African American,2054-5,Not Hispanic or Latino,2186-2,117294,22145,34,11,28.99,49.67,5044338,0
Michigan,26,2009,White,2106-3,Not Hispanic or Latino,2186-2,117294,82093,34,22,28.99,26.80,5044338,0
Michigan,26,2010,Black or African American,2054-5,Not Hispanic or Latino,2186-2,114531,22133,47,17,41.04,76.81,5035526,0
Michigan,26,2010,White,2106-3,Not Hispanic or Latino,2186-2,114531,79979,47,27,41.04,33.76,5035526,3891872
Michigan,26,2011,Black or African American,2054-5,Not Hispanic or Latino,2186-2,114008,21775,33,13,28.95,59.70,5030242,0
Michigan,26,2011,White,2106-3,Not Hispanic or Latino,2186-2,114008,79607,33,18,28.95,22.61,5030242,0
Michigan,26,2012,Black or African American,2054-5,Not Hispanic or Latino,2186-2,113091,21543,29,11,25.64,51.06,5032849,0
Michigan,26,2012,White,2106-3,Not Hispanic or Latino,2186-2,113091,79044,29,18,25.64,22.77,5032849,0
Michigan,26,2013,Black or African American,2054-5,Not Hispanic or Latino,2186-2,113489,22057,36,14,31.72,63.47,5036338,0
Michigan,26,2013,White,2106-3,Not Hispanic or Latino,2186-2,113489,79107,36,21,31.72,26.55,5036338,3862897
Michigan,26,2014,Black or African American,2054-5,Not Hispanic or Latino,2186-2,114375,21650,29,13,25.36,60.05,5041414,0
Michigan,26,2014,White,2106-3,Not Hispanic or Latino,2186-2,114375,80304,29,15,25.36,18.68,5041414,0
Michigan,26,2015,White,2106-3,Not Hispanic or Latino,2186-2,113312,78960,27,18,23.83,22.80,5044428,3845460
Michigan,26,2016,Black or African American,2054-5,Not Hispanic or Latino,2186-2,113315,21416,40,12,35.30,56.03,5043554,759300
Michigan,26,2016,White,2106-3,Not Hispanic or Latino,2186-2,113315,79070,40,25,35.30,31.62,5043554,3838575
Michigan,26,2017,White,2106-3,Not Hispanic or Latino,2186-2,111426,76788,24,14,21.54,18.23,5058559,3838383
Michigan,26,2018,Black or African American,2054-5,Not Hispanic or Latino,2186-2,110032,21490,32,10,29.08,46.53,5073772,762991
Michigan,26,2018,White,2106-3,Not Hispanic or Latino,2186-2,110032,75978,32,20,29.08,26.32,5073772,3837454
Michigan,26,2019,Black or African American,2054-5,Not Hispanic or Latino,2186-2,107886,21305,34,11,31.51,51.63,5068329,764067
Michigan,26,2019,White,2106-3,Not Hispanic or Latino,2186-2,107886,74128,34,20,31.51,26.98,5068329,3826315
Minnesota,27,2011,White,2106-3,Not Hispanic or Latino,2186-2,68409,50297,13,10,19.00,19.88,2689958,0
Minnesota,27,2016,White,2106-3,Not Hispanic or Latino,2186-2,69749,49338,14,10,20.07,20.27,2772322,2273781
Minnesota,27,2017,White,2106-3,Not Hispanic or Latino,2186-2,68595,47828,18,13,26.24,27.18,2799760,2277129
Mississippi,28,2011,Black or African American,2054-5,Not Hispanic or Latino,2186-2,39860,17304,18,12,45.16,69.35,1531968,0
Mississippi,28,2019,Black or African American,2054-5,Not Hispanic or Latino,2186-2,36636,15813,22,16,60.05,101.18,1533857,598833
Missouri,29,2011,White,2106-3,Not Hispanic or Latino,2186-2,76117,57815,17,14,22.33,24.22,3066254,0
Missouri,29,2012,Black or African American,2054-5,Not Hispanic or Latino,2186-2,75446,11319,34,12,45.07,106.02,3070952,0
Missouri,29,2012,White,2106-3,Not Hispanic or Latino,2186-2,75446,57350,34,21,45.07,36.62,3070952,0
Missouri,29,2013,White,2106-3,Not Hispanic or Latino,2186-2,75296,57361,30,22,39.84,38.35,3080214,0
Missouri,29,2014,Black or African American,2054-5,Not Hispanic or Latino,2186-2,75360,11453,34,10,45.12,87.31,3089367,0
Missouri,29,2014,White,2106-3,Not Hispanic or Latino,2186-2,75360,57150,34,22,45.12,38.50,3089367,2500910
Missouri,29,2015,Black or African American,2054-5,Not Hispanic or Latino,2186-2,75061,11304,33,13,43.96,115.00,3098627,389878
Missouri,29,2015,White,2106-3,Not Hispanic or Latino,2186-2,75061,57092,33,18,43.96,31.53,3098627,0
Missouri,29,2016,Black or African American,2054-5,Not Hispanic or Latino,2186-2,74705,11182,27,13,36.14,116.26,3100965,391685
Missouri,29,2016,White,2106-3,Not Hispanic or Latino,2186-2,74705,56547,27,13,36.14,22.99,3100965,2499876
Missouri,29,2017,White,2106-3,Not Hispanic or Latino,2186-2,73034,54835,28,18,38.34,32.83,3111296,2501554
Missouri,29,2018,White,2106-3,Not Hispanic or Latino,2186-2,73269,54802,24,17,32.76,31.02,3118889,2501974
New Jersey,34,2009,Black or African American,2054-5,Not Hispanic or Latino,2186-2,110331,17135,37,12,33.54,70.03,4493506,0
New Jersey,34,2009,White,2106-3,Not Hispanic or Latino,2186-2,110331,52163,37,15,33.54,28.76,4493506,0
New Jersey,34,2010,Black or African American,2054-5,Not Hispanic or Latino,2186-2,106922,16332,30,14,28.06,85.72,4512294,0
New Jersey,34,2011,Black or African American,2054-5,Not Hispanic or Latino,2186-2,105883,16047,48,20,45.33,124.63,4520963,0
New Jersey,34,2011,White,2106-3,Not Hispanic or Latino,2186-2,105883,49661,48,17,45.33,34.23,4520963,2696212
New Jersey,34,2012,Black or African American,2054-5,Not Hispanic or Latino,2186-2,104230,16183,36,15,34.54,92.69,4540905,0
New Jersey,34,2012,White,2106-3,Not Hispanic or Latino,2186-2,104230,47944,36,15,34.54,31.29,4540905,0
New Jersey,34,2013,Black or African American,2054-5,Not Hispanic or Latino,2186-2,102575,15570,57,30,55.57,192.68,4555374,0
New Jersey,34,2013,White,2106-3,Not Hispanic or Latino,2186-2,102575,48018,57,16,55.57,33.32,4555374,2657962
New Jersey,34,2014,Black or African American,2054-5,Not Hispanic or Latino,2186-2,103305,15528,55,26,53.24,167.44,4576223,0
New Jersey,34,2014,White,2106-3,Not Hispanic or Latino,2186-2,103305,48196,55,18,53.24,37.35,4576223,2634637
New Jersey,34,2015,White,2106-3,Not Hispanic or Latino,2186-2,103127,47425,39,21,37.82,44.28,4585897,0
New Jersey,34,2016,Black or African American,2054-5,Not Hispanic or Latino,2186-2,102647,14274,43,20,41.89,140.11,4576725,633557
New Jersey,34,2016,White,2106-3,Hispanic or Latino,2135-2,102647,23617,43,11,41.89,46.58,4576725,753308
New Jersey,34,2016,White,2106-3,Not Hispanic or Latino,2186-2,102647,46545,43,11,41.89,23.63,4576725,2586923
New Jersey,34,2017,Black or African American,2054-5,Not Hispanic or Latino,2186-2,101250,14111,44,14,43.46,99.21,4609070,635622
New Jersey,34,2017,White,2106-3,Not Hispanic or Latino,2186-2,101250,46338,44,16,43.46,34.53,4609070,2573370
New Jersey,34,2018,Black or African American,2054-5,Not Hispanic or Latino,2186-2,101223,14320,35,16,34.58,111.73,4556326,629466
New Jersey,34,2018,White,2106-3,Not Hispanic or Latino,2186-2,101223,45966,35,11,34.58,23.93,4556326,2536967
New Jersey,34,2019,Black or African American,2054-5,Not Hispanic or Latino,2186-2,99585,13841,36,14,36.15,101.15,4541603,628787
New Jersey,34,2019,White,2106-3,Hispanic or Latino,2135-2,99585,23683,36,11,36.15,46.45,4541603,783764
New York,36,2009,Black or African American,2054-5,Not Hispanic or Latino,2186-2,248110,40970,70,35,28.21,85.43,9966620,0
New York,36,2009,White,2106-3,Hispanic or Latino,2135-2,248110,52030,70,13,28.21,24.99,9966620,0
New York,36,2009,White,2106-3,Not Hispanic or Latino,2186-2,248110,119526,70,18,28.21,15.06,9966620,5900136
New York,36,2010,Black or African American,2054-5,Not Hispanic or Latino,2186-2,244375,39266,67,27,27.42,68.76,10000955,0
New York,36,2010,White,2106-3,Hispanic or Latino,2135-2,244375,50737,67,14,27.42,27.59,10000955,0
New York,36,2010,White,2106-3,Not Hispanic or Latino,2186-2,244375,118223,67,18,27.42,15.23,10000955,5882534
New York,36,2011,Black or African American,2054-5,Not Hispanic or Latino,2186-2,241312,39157,64,19,26.52,48.52,10033393,0
New York,36,2011,White,2106-3,Hispanic or Latino,2135-2,241312,45510,64,15,26.52,32.96,10033393,0
New York,36,2011,White,2106-3,Not Hispanic or Latino,2186-2,241312,117201,64,22,26.52,18.77,10033393,0
New York,36,2012,Black or African American,2054-5,Not Hispanic or Latino,2186-2,240916,38479,58,24,24.07,62.37,10081044,0
New York,36,2012,White,2106-3,Hispanic or Latino,2135-2,240916,44406,58,11,24.07,24.77,10081044,0
New York,36,2012,White,2106-3,Not Hispanic or Latino,2186-2,240916,116153,58,19,24.07,16.36,10081044,5838748
New York,36,2013,Black or African American,2054-5,Not Hispanic or Latino,2186-2,236980,37613,63,22,26.58,58.49,10114934,1588409
New York,36,2013,White,2106-3,Not Hispanic or Latino,2186-2,236980,115505,63,27,26.58,23.38,10114934,5817668
New York,36,2014,Black or African American,2054-5,Not Hispanic or Latino,2186-2,238773,36958,61,28,25.55,75.76,10164966,0
New York,36,2014,White,2106-3,Not Hispanic or Latino,2186-2,238773,116013,61,21,25.55,18.10,10164966,5780651
New York,36,2015,Black or African American,2054-5,Not Hispanic or Latino,2186-2,237274,36392,64,27,26.97,74.19,10184278,0
New York,36,2015,White,2106-3,Hispanic or Latino,2135-2,237274,45765,64,11,26.97,24.04,10184278,0
New York,36,2015,White,2106-3,Not Hispanic or Latino,2186-2,237274,114643,64,18,26.97,15.70,10184278,5741512
New York,36,2016,Black or African American,2054-5,Not Hispanic or Latino,2186-2,234283,35308,65,21,27.74,59.48,10157924,1597508
New York,36,2016,White,2106-3,Hispanic or Latino,2135-2,234283,41001,65,11,27.74,26.83,10157924,1432414
New York,36,2016,White,2106-3,Not Hispanic or Latino,2186-2,234283,112843,65,25,27.74,22.15,10157924,5697456
New York,36,2017,Black or African American,2054-5,Not Hispanic or Latino,2186-2,229737,35189,47,21,20.46,59.68,10211937,1605392
New York,36,2017,White,2106-3,Hispanic or Latino,2135-2,229737,40545,47,10,20.46,24.66,10211937,1456828
New York,36,2017,White,2106-3,Not Hispanic or Latino,2186-2,229737,113152,47,14,20.46,12.37,10211937,5679233
New York,36,2018,Black or African American,2054-5,Not Hispanic or Latino,2186-2,226238,34277,66,29,29.17,84.60,10053779,1575061
New York,36,2018,White,2106-3,Not Hispanic or Latino,2186-2,226238,112317,66,28,29.17,24.93,10053779,5607214
New York,36,2019,Black or African American,2054-5,Not Hispanic or Latino,2186-2,221539,33332,77,33,34.76,99.00,10005715,1564675
New York,36,2019,White,2106-3,Hispanic or Latino,2135-2,221539,39089,77,16,34.76,40.93,10005715,1439112
New York,36,2019,White,2106-3,Not Hispanic or Latino,2186-2,221539,110792,77,23,34.76,20.76,10005715,5569219
North Carolina,37,2009,Black or African American,2054-5,Not Hispanic or Latino,2186-2,126845,30314,21,10,16.56,32.99,4846501,0
North Carolina,37,2014,Black or African American,2054-5,Not Hispanic or Latino,2186-2,120975,29017,34,21,28.10,72.37,5099371,1164077
North Carolina,37,2014,White,2106-3,Not Hispanic or Latino,2186-2,120975,67551,34,10,28.10,14.80,5099371,0
North Carolina,37,2015,Black or African American,2054-5,Not Hispanic or Latino,2186-2,120843,28866,44,17,36.41,58.89,5150777,0
North Carolina,37,2015,White,2106-3,Not Hispanic or Latino,2186-2,120843,67122,44,20,36.41,29.80,5150777,0
North Carolina,37,2016,Black or African American,2054-5,Not Hispanic or Latino,2186-2,120779,28503,38,16,31.46,56.13,5213836,1194060
North Carolina,37,2016,White,2106-3,Not Hispanic or Latino,2186-2,120779,66924,38,18,31.46,26.90,5213836,3347791
North Carolina,37,2017,Black or African American,2054-5,Not Hispanic or Latino,2186-2,120125,29073,35,21,29.14,72.23,5271981,1207429
North Carolina,37,2017,White,2106-3,Not Hispanic or Latino,2186-2,120125,65534,35,12,29.14,18.31,5271981,3365391
North Carolina,37,2018,Black or African American,2054-5,Not Hispanic or Latino,2186-2,118954,28857,25,11,21.02,38.12,5332759,1221722
North Carolina,37,2018,White,2106-3,Not Hispanic or Latino,2186-2,118954,64798,25,12,21.02,18.52,5332759,3388147
North Carolina,37,2019,Black or African American,2054-5,Not Hispanic or Latino,2186-2,118725,29088,46,22,38.74,75.63,5387820,1234730
North Carolina,37,2019,White,2106-3,Not Hispanic or Latino,2186-2,118725,63612,46,16,38.74,25.15,5387820,3411460
Ohio,39,2009,Black or African American,2054-5,Not Hispanic or Latino,2186-2,144841,23837,57,15,39.35,62.93,5902018,766387
Ohio,39,2009,White,2106-3,Not Hispanic or Latino,2186-2,144841,109760,57,40,39.35,36.44,5902018,4846035
Ohio,39,2010,White,2106-3,Not Hispanic or Latino,2186-2,139128,105356,40,30,28.75,28.47,5904348,0
Ohio,39,2011,White,2106-3,Not Hispanic or Latino,2186-2,137918,104506,35,26,25.38,24.88,5905599,0
Ohio,39,2012,Black or African American,2054-5,Not Hispanic or Latino,2186-2,138483,23268,39,17,28.16,73.06,5901605,778183
Ohio,39,2012,White,2106-3,Not Hispanic or Latino,2186-2,138483,104116,39,20,28.16,19.21,5901605,0
Ohio,39,2013,Black or African American,2054-5,Not Hispanic or Latino,2186-2,138936,23772,30,13,21.59,54.69,5911149,783941
Ohio,39,2013,White,2106-3,Not Hispanic or Latino,2186-2,138936,104059,30,16,21.59,15.38,5911149,0
Ohio,39,2014,White,2106-3,Not Hispanic or Latino,2186-2,139467,104102,22,14,15.77,13.45,5919391,0
Ohio,39,2015,Black or African American,2054-5,Not Hispanic or Latino,2186-2,139264,23739,41,17,29.44,71.61,5926893,798519
Ohio,39,2015,White,2106-3,Not Hispanic or Latino,2186-2,139264,103586,41,21,29.44,20.27,5926893,0
Ohio,39,2016,White,2106-3,Not Hispanic or Latino,2186-2,138085,101564,36,23,26.07,22.65,5922679,4755008
Ohio,39,2017,Black or African American,2054-5,Not Hispanic or Latino,2186-2,136832,24097,42,11,30.69,45.65,5945509,813260
Ohio,39,2017,White,2106-3,Not Hispanic or Latino,2186-2,136832,100151,42,30,30.69,29.95,5945509,4750701
Ohio,39,2018,White,2106-3,Not Hispanic or Latino,2186-2,135134,98834,27,18,19.98,18.21,5958724,4740025
Ohio,39,2019,Black or African American,2054-5,Not Hispanic or Latino,2186-2,134461,24477,47,14,34.95,57.20,5958538,825306
Ohio,39,2019,White,2106-3,Not Hispanic or Latino,2186-2,134461,97126,47,32,34.95,32.95,5958538,4726696
Oklahoma,40,2009,White,2106-3,Not Hispanic or Latino,2186-2,54553,34720,28,18,51.33,51.84,1878034,1362631
Oklahoma,40,2010,White,2106-3,Not Hispanic or Latino,2186-2,53238,34096,20,15,37.57,43.99,1894374,0
Oklahoma,40,2011,White,2106-3,Not Hispanic or Latino,2186-2,52272,33358,20,12,38.26,35.97,1913759,1372293
Oklahoma,40,2012,White,2106-3,Not Hispanic or Latino,2186-2,52751,33536,15,11,28.44,32.80,1924995,1373909
Oklahoma,40,2013,White,2106-3,Not Hispanic or Latino,2186-2,53369,33978,20,13,37.47,38.26,1943276,1379661
Oklahoma,40,2016,White,2106-3,Not Hispanic or Latino,2186-2,52592,32438,20,10,38.03,30.83,1979658,1380130
Oklahoma,40,2017,White,2106-3,Not Hispanic or Latino,2186-2,50214,30901,22,14,43.81,45.31,1983302,1373135
Oklahoma,40,2018,White,2106-3,Not Hispanic or Latino,2186-2,49800,30315,17,13,34.14,42.88,1990033,1371395
Pennsylvania,42,2009,Black or African American,2054-5,Not Hispanic or Latino,2186-2,146434,21480,39,14,26.63,65.18,6497024,725071
Pennsylvania,42,2009,White,2106-3,Not Hispanic or Latino,2186-2,146434,103297,39,21,26.63,20.33,6497024,5236153
Pennsylvania,42,2010,Black or African American,2054-5,Not Hispanic or Latino,2186-2,143321,21025,34,13,23.72,61.83,6512016,0
Pennsylvania,42,2010,White,2106-3,Not Hispanic or Latino,2186-2,143321,101136,34,19,23.72,18.79,6512016,0
Pennsylvania,42,2011,White,2106-3,Not Hispanic or Latino,2186-2,143178,100790,23,15,16.06,14.88,6528324,0
Pennsylvania,42,2012,White,2106-3,Not Hispanic or Latino,2186-2,142514,99531,30,19,21.05,19.09,6533359,0
Pennsylvania,42,2013,Black or African American,2054-5,Not Hispanic or Latino,2186-2,140921,20626,35,11,24.84,53.33,6531461,0
Pennsylvania,42,2013,White,2106-3,Not Hispanic or Latino,2186-2,140921,98751,35,20,24.84,20.25,6531461,0
Pennsylvania,42,2014,White,2106-3,Not Hispanic or Latino,2186-2,142268,99306,35,23,24.60,23.16,6533392,5140778
Pennsylvania,42,2015,White,2106-3,Not Hispanic or Latino,2186-2,141047,97845,32,15,22.69,15.33,6538129,0
Pennsylvania,42,2016,Black or African American,2054-5,Not Hispanic or Latino,2186-2,139409,19680,41,15,29.41,76.22,6523033,752829
Pennsylvania,42,2016,White,2106-3,Not Hispanic or Latino,2186-2,139409,96053,41,22,29.41,22.90,6523033,5080444
Pennsylvania,42,2017,Black or African American,2054-5,Not Hispanic or Latino,2186-2,137745,19809,40,10,29.04,50.48,6534208,759276
Pennsylvania,42,2017,White,2106-3,Not Hispanic or Latino,2186-2,137745,93865,40,28,29.04,29.83,6534208,5054614
Pennsylvania,42,2018,Black or African American,2054-5,Not Hispanic or Latino,2186-2,135673,19155,29,10,21.37,52.21,6532400,761949
Pennsylvania,42,2018,White,2106-3,Not Hispanic or Latino,2186-2,135673,92376,29,15,21.37,16.24,6532400,5026742
Pennsylvania,42,2019,Black or African American,2054-5,Not Hispanic or Latino,2186-2,134230,18989,39,14,29.05,73.73,6527628,765686
Pennsylvania,42,2019,White,2106-3,Not Hispanic or Latino,2186-2,134230,90229,39,21,29.05,23.27,6527628,5001829
South Carolina,45,2009,Black or African American,2054-5,Not Hispanic or Latino,2186-2,60620,19478,23,10,37.94,51.34,2357030,689887
South Carolina,45,2009,White,2106-3,Not Hispanic or Latino,2186-2,60620,33978,23,10,37.94,29.43,2357030,0
South Carolina,45,2011,Black or African American,2054-5,Not Hispanic or Latino,2186-2,57393,18288,19,18,33.11,98.43,2402602,0
South Carolina,45,2013,Black or African American,2054-5,Not Hispanic or Latino,2186-2,56795,17815,17,14,29.93,78.59,2451720,0
South Carolina,45,2014,Black or African American,2054-5,Not Hispanic or Latino,2186-2,57627,17878,24,17,41.65,95.09,2483088,716223
South Carolina,45,2015,White,2106-3,Not Hispanic or Latino,2186-2,58139,33927,20,11,34.40,32.42,2517178,0
South Carolina,45,2016,Black or African American,2054-5,Not Hispanic or Latino,2186-2,57342,17071,28,14,48.83,82.01,2553185,728010
South Carolina,45,2016,White,2106-3,Not Hispanic or Latino,2186-2,57342,33522,28,13,48.83,38.78,2553185,1640592
South Carolina,45,2017,Black or African American,2054-5,Not Hispanic or Latino,2186-2,57029,17384,24,15,42.08,86.29,2586682,734227
South Carolina,45,2019,Black or African American,2054-5,Not Hispanic or Latino,2186-2,57038,17444,24,13,42.08,74.52,2655575,744682
South Carolina,45,2019,White,2106-3,Not Hispanic or Latino,2186-2,57038,32243,24,10,42.08,31.01,2655575,1701347
Tennessee,47,2012,Black or African American,2054-5,Not Hispanic or Latino,2186-2,80371,16645,40,16,49.77,96.12,3307480,0
Tennessee,47,2012,White,2106-3,Not Hispanic or Latino,2186-2,80371,54712,40,23,49.77,42.04,3307480,0
Tennessee,47,2013,White,2106-3,Not Hispanic or Latino,2186-2,79992,54377,28,18,35.00,33.10,3328884,2520172
Tennessee,47,2014,White,2106-3,Not Hispanic or Latino,2186-2,81602,55499,24,15,29.41,27.03,3357172,2532642
Tennessee,47,2015,Black or African American,2054-5,Not Hispanic or Latino,2186-2,81685,16792,29,13,35.50,77.42,3382838,0
Tennessee,47,2015,White,2106-3,Not Hispanic or Latino,2186-2,81685,55420,29,14,35.50,25.26,3382838,0
Tennessee,47,2016,White,2106-3,Not Hispanic or Latino,2186-2,80807,54508,25,13,30.94,23.85,3408679,2558371
Tennessee,47,2017,Black or African American,2054-5,Not Hispanic or Latino,2186-2,81016,16663,39,10,48.14,60.01,3440018,613639
Tennessee,47,2017,White,2106-3,Not Hispanic or Latino,2186-2,81016,54377,39,25,48.14,45.98,3440018,2572069
Tennessee,47,2018,Black or African American,2054-5,Not Hispanic or Latino,2186-2,80751,16580,27,14,33.44,84.44,3467086,618282
Tennessee,47,2018,White,2106-3,Not Hispanic or Latino,2186-2,80751,53962,27,12,33.44,22.24,3467086,2586269
Tennessee,47,2019,Black or African American,2054-5,Not Hispanic or Latino,2186-2,80450,16624,30,11,37.29,66.17,3496935,623876
Tennessee,47,2019,White,2106-3,Not Hispanic or Latino,2186-2,80450,52899,30,11,37.29,20.79,3496935,2601080
Texas,48,2009,Black or African American,2054-5,Not Hispanic or Latino,2186-2,401977,45482,127,35,31.59,76.95,12500150,0
Texas,48,2009,White,2106-3,Hispanic or Latino,2135-2,401977,196547,127,41,31.59,20.86,12500150,0
Texas,48,2009,White,2106-3,Not Hispanic or Latino,2186-2,401977,137594,127,44,31.59,31.98,12500150,0
Texas,48,2010,Black or African American,2054-5,Not Hispanic or Latino,2186-2,386118,44560,101,25,26.16,56.10,12673281,0
Texas,48,2010,White,2106-3,Hispanic or Latino,2135-2,386118,185357,101,33,26.16,17.80,12673281,4481858
Texas,48,2010,White,2106-3,Not Hispanic or Latino,2186-2,386118,134920,101,41,26.16,30.39,12673281,0
Texas,48,2011,Black or African American,2054-5,Not Hispanic or Latino,2186-2,377445,43212,131,41,34.71,94.88,12932239,1568577
Texas,48,2011,White,2106-3,Hispanic or Latino,2135-2,377445,178768,131,25,34.71,13.98,12932239,0
Texas,48,2011,White,2106-3,Not Hispanic or Latino,2186-2,377445,133894,131,60,34.71,44.81,12932239,0
Texas,48,2012,Black or African American,2054-5,Not Hispanic or Latino,2186-2,382727,44530,159,50,41.54,112.28,13111469,0
Texas,48,2012,White,2106-3,Hispanic or Latino,2135-2,382727,178859,159,49,41.54,27.40,13111469,4704348
Texas,48,2012,White,2106-3,Not Hispanic or Latino,2186-2,382727,135573,159,55,41.54,40.57,13111469,0
Texas,48,2013,Black or African American,2054-5,Not Hispanic or Latino,2186-2,387340,45825,168,42,43.37,91.65,13301191,1638960
Texas,48,2013,White,2106-3,Hispanic or Latino,2135-2,387340,181346,168,55,43.37,30.33,13301191,4788569
Texas,48,2013,White,2106-3,Not Hispanic or Latino,2186-2,387340,136608,168,64,43.37,46.85,13301191,0
Texas,48,2014,Black or African American,2054-5,Not Hispanic or Latino,2186-2,399766,47983,147,37,36.77,77.11,13574572,1677410
Texas,48,2014,White,2106-3,Hispanic or Latino,2135-2,399766,185220,147,50,36.77,26.99,13574572,4927137
Texas,48,2014,White,2106-3,Not Hispanic or Latino,2186-2,399766,140992,147,58,36.77,41.14,13574572,0
Texas,48,2015,Black or African American,2054-5,Not Hispanic or Latino,2186-2,403618,49662,157,54,38.90,108.74,13831324,0
Texas,48,2015,White,2106-3,Hispanic or Latino,2135-2,403618,186593,157,41,38.90,21.97,13831324,5049228
Texas,48,2015,White,2106-3,Not Hispanic or Latino,2186-2,403618,140553,157,58,38.90,41.27,13831324,0
Texas,48,2016,Black or African American,2054-5,Not Hispanic or Latino,2186-2,398047,49748,153,49,38.44,98.50,14031164,1751635
Texas,48,2016,White,2106-3,Hispanic or Latino,2135-2,398047,179517,153,49,38.44,27.30,14031164,5149588
Texas,48,2016,White,2106-3,Not Hispanic or Latino,2186-2,398047,136623,153,51,38.44,37.33,14031164,6105304
Texas,48,2017,Black or African American,2054-5,Not Hispanic or Latino,2186-2,382050,49423,147,44,38.48,89.03,14242803,1789529
Texas,48,2017,White,2106-3,Hispanic or Latino,2135-2,382050,171106,147,54,38.48,31.56,14242803,5269793
Texas,48,2017,White,2106-3,Not Hispanic or Latino,2186-2,382050,129760,147,47,38.48,36.22,14242803,6115217
Texas,48,2018,Black or African American,2054-5,Not Hispanic or Latino,2186-2,378624,49396,94,24,24.83,48.59,14441739,1829475
Texas,48,2018,White,2106-3,Hispanic or Latino,2135-2,378624,174455,94,36,24.83,20.64,14441739,5367475
Texas,48,2018,White,2106-3,Not Hispanic or Latino,2186-2,378624,127819,94,31,24.83,24.25,14441739,6130564
Texas,48,2019,Black or African American,2054-5,Not Hispanic or Latino,2186-2,377599,48653,89,22,23.57,45.22,14593179,1863476
Texas,48,2019,White,2106-3,Hispanic or Latino,2135-2,377599,174974,89,33,23.57,18.86,14593179,5442167
Texas,48,2019,White,2106-3,Not Hispanic or Latino,2186-2,377599,126924,89,31,23.57,24.42,14593179,6153011
Utah,49,2013,White,2106-3,Not Hispanic or Latino,2186-2,50957,39401,16,13,31.40,32.99,1441891,1170954
Utah,49,2015,White,2106-3,Not Hispanic or Latino,2186-2,50778,38473,13,11,25.60,28.59,1488819,1197984
Utah,49,2019,White,2106-3,Not Hispanic or Latino,2186-2,46826,33982,14,10,29.90,29.43,1591041,1262201
Virginia,51,2015,Black or African American,2054-5,Not Hispanic or Latino,2186-2,103303,21777,31,13,30.01,59.70,4258228,0
Virginia,51,2015,White,2106-3,Not Hispanic or Latino,2186-2,103303,59244,31,13,30.01,21.94,4258228,2709251
Virginia,51,2016,Black or African American,2054-5,Not Hispanic or Latino,2186-2,102460,21288,47,19,45.87,89.25,4274994,871315
Virginia,51,2016,White,2106-3,Not Hispanic or Latino,2186-2,102460,58130,47,27,45.87,46.45,4274994,2708821
Virginia,51,2017,Black or African American,2054-5,Not Hispanic or Latino,2186-2,100391,21670,40,10,39.84,46.15,4303293,878415
Virginia,51,2017,White,2106-3,Not Hispanic or Latino,2186-2,100391,56219,40,27,39.84,48.03,4303293,2704481
Virginia,51,2019,Black or African American,2054-5,Not Hispanic or Latino,2186-2,97429,20997,32,15,32.84,71.44,4335262,886772
Virginia,51,2019,White,2106-3,Not Hispanic or Latino,2186-2,97429,53743,32,11,32.84,20.47,4335262,2700611
Washington,53,2011,White,2106-3,Not Hispanic or Latino,2186-2,86976,55084,14,11,16.10,19.97,3420356,0
Washington,53,2013,White,2106-3,Not Hispanic or Latino,2186-2,86577,54779,20,14,23.10,25.56,3488736,0
Washington,53,2014,White,2106-3,Not Hispanic or Latino,2186-2,88585,55872,20,11,22.58,19.69,3531595,0
Washington,53,2017,White,2106-3,Not Hispanic or Latino,2186-2,87562,52368,24,13,27.41,24.82,3702270,2629260
Washington,53,2018,White,2106-3,Not Hispanic or Latino,2186-2,86085,50821,21,13,24.39,25.58,3765680,2648026
Washington,53,2019,White,2106-3,Not Hispanic or Latino,2186-2,84895,49198,31,17,36.52,34.55,3802910,2655936
West Virginia,54,2018,White,2106-3,Not Hispanic or Latino,2186-2,18248,16785,10,10,54.80,59.58,911492,853052
Wisconsin,55,2009,White,2106-3,Not Hispanic or Latino,2186-2,70843,52462,13,10,18.35,19.06,2856103,0
Wisconsin,55,2011,White,2106-3,Not Hispanic or Latino,2186-2,67810,50500,15,10,22.12,19.80,2875675,0
Wisconsin,55,2014,White,2106-3,Not Hispanic or Latino,2186-2,67161,49440,16,13,23.82,26.29,2898057,2409803
Wisconsin,55,2015,White,2106-3,Not Hispanic or Latino,2186-2,67041,49024,11,10,16.41,20.40,2903737,0
