measure_name,state_name,wwv_rank,wwv_value,wwv_score,wwv_lower_ci,wwv_upper_ci
Well-Woman Visit,Alabama,29.0,65.8,-0.13,68.4,63.3
Well-Woman Visit,Alaska,49.0,52.7,-2.0,57.7,47.7
Well-Woman Visit,Arizona,41.0,61.0,-0.98,63.5,58.6
Well-Woman Visit,Arkansas,42.0,60.1,-1.14,64.4,55.7
Well-Woman Visit,California,32.0,64.2,-0.41,66.1,62.3
Well-Woman Visit,Colorado,44.0,59.1,-1.32,61.1,57.1
Well-Woman Visit,Connecticut,10.0,70.3,0.68,72.7,68.0
Well-Woman Visit,Delaware,4.0,73.0,1.16,76.4,69.6
Well-Woman Visit,Florida,15.0,69.3,0.5,71.3,67.3
Well-Woman Visit,Georgia,12.0,70.0,0.63,72.6,67.4
Well-Woman Visit,Hawaii,19.0,68.0,0.27,70.4,65.5
Well-Woman Visit,Idaho,50.0,52.6,-2.0,56.0,49.3
Well-Woman Visit,Illinois,26.0,66.5,0.0,69.2,63.8
Well-Woman Visit,Indiana,34.0,63.8,-0.48,66.0,61.7
Well-Woman Visit,Iowa,22.0,67.1,0.11,69.6,64.7
Well-Woman Visit,Kansas,35.0,62.8,-0.66,64.6,61.0
Well-Woman Visit,Kentucky,7.0,71.6,0.91,74.0,69.1
Well-Woman Visit,Louisiana,12.0,70.0,0.63,73.1,66.9
Well-Woman Visit,Maine,20.0,67.9,0.25,70.7,65.1
Well-Woman Visit,Maryland,9.0,70.7,0.75,72.8,68.7
Well-Woman Visit,Massachusetts,2.0,73.9,1.32,76.4,71.4
Well-Woman Visit,Michigan,17.0,68.6,0.38,70.6,66.7
Well-Woman Visit,Minnesota,14.0,69.6,0.55,71.1,68.0
Well-Woman Visit,Mississippi,27.0,66.4,-0.02,69.7,63.1
Well-Woman Visit,Missouri,33.0,64.0,-0.45,67.0,61.0
Well-Woman Visit,Montana,37.0,62.3,-0.75,65.6,59.0
Well-Woman Visit,Nebraska,36.0,62.4,-0.73,64.4,60.3
Well-Woman Visit,Nevada,30.0,64.7,-0.32,68.2,61.1
Well-Woman Visit,New Hampshire,21.0,67.8,0.23,71.3,64.2
Well-Woman Visit,New Jersey,3.0,73.3,1.21,76.0,70.6
Well-Woman Visit,New Mexico,47.0,57.7,-1.57,60.9,54.5
Well-Woman Visit,New York,7.0,71.6,0.91,73.3,70.0
Well-Woman Visit,North Carolina,5.0,72.7,1.11,75.1,70.2
Well-Woman Visit,North Dakota,43.0,59.4,-1.27,62.5,56.4
Well-Woman Visit,Ohio,10.0,70.3,0.68,72.5,68.1
Well-Woman Visit,Oklahoma,31.0,64.4,-0.38,67.1,61.8
Well-Woman Visit,Oregon,46.0,57.9,-1.54,60.6,55.2
Well-Woman Visit,Pennsylvania,28.0,65.9,-0.11,68.5,63.3
Well-Woman Visit,Rhode Island,1.0,78.5,2.0,81.5,75.5
Well-Woman Visit,South Carolina,39.0,61.7,-0.86,64.0,59.4
Well-Woman Visit,South Dakota,22.0,67.1,0.11,70.9,63.2
Well-Woman Visit,Tennessee,22.0,67.1,0.11,70.1,64.1
Well-Woman Visit,Texas,38.0,61.9,-0.82,64.6,59.3
Well-Woman Visit,Utah,48.0,55.8,-1.91,57.8,53.9
Well-Woman Visit,Vermont,25.0,66.7,0.04,69.8,63.7
Well-Woman Visit,Virginia,16.0,68.9,0.43,71.1,66.7
Well-Woman Visit,Washington,40.0,61.5,-0.89,63.3,59.6
Well-Woman Visit,West Virginia,6.0,72.5,1.07,74.9,70.1
Well-Woman Visit,Wisconsin,18.0,68.2,0.3,71.2,65.1
Well-Woman Visit,Wyoming,45.0,58.1,-1.5,61.9,54.4
Well-Woman Visit,United States,,66.5,,67.0,66.1
Well-Woman Visit,District of Columbia,,77.4,,80.1,74.7
"Well-Woman Visit - $25-$49,999",Alabama,16.0,67.6,0.33,73.5,61.7
"Well-Woman Visit - $25-$49,999",Alaska,49.0,48.2,-2.0,60.6,35.8
"Well-Woman Visit - $25-$49,999",Arizona,41.0,57.0,-1.06,63.4,50.7
"Well-Woman Visit - $25-$49,999",Arkansas,43.0,56.5,-1.12,66.7,46.4
"Well-Woman Visit - $25-$49,999",California,29.0,62.7,-0.31,67.6,57.9
"Well-Woman Visit - $25-$49,999",Colorado,41.0,57.0,-1.06,62.2,51.9
"Well-Woman Visit - $25-$49,999",Connecticut,3.0,74.8,1.27,81.3,68.2
"Well-Woman Visit - $25-$49,999",Delaware,4.0,74.2,1.19,81.6,66.8
"Well-Woman Visit - $25-$49,999",Florida,8.0,71.6,0.85,76.3,66.8
"Well-Woman Visit - $25-$49,999",Georgia,5.0,73.4,1.09,79.2,67.6
"Well-Woman Visit - $25-$49,999",Hawaii,33.0,61.0,-0.54,67.7,54.4
"Well-Woman Visit - $25-$49,999",Idaho,50.0,47.0,-2.0,54.4,39.6
"Well-Woman Visit - $25-$49,999",Illinois,19.0,66.9,0.24,73.6,60.3
"Well-Woman Visit - $25-$49,999",Indiana,46.0,54.8,-1.35,60.1,49.4
"Well-Woman Visit - $25-$49,999",Iowa,38.0,58.4,-0.88,64.5,52.4
"Well-Woman Visit - $25-$49,999",Kansas,37.0,58.6,-0.85,62.8,54.3
"Well-Woman Visit - $25-$49,999",Kentucky,8.0,71.6,0.85,77.7,65.4
"Well-Woman Visit - $25-$49,999",Louisiana,13.0,70.6,0.72,78.3,63.0
"Well-Woman Visit - $25-$49,999",Maine,26.0,63.0,-0.27,69.4,56.6
"Well-Woman Visit - $25-$49,999",Maryland,24.0,63.5,-0.21,69.5,57.6
"Well-Woman Visit - $25-$49,999",Massachusetts,1.0,81.4,2.0,87.1,75.7
"Well-Woman Visit - $25-$49,999",Michigan,26.0,63.0,-0.27,68.0,58.1
"Well-Woman Visit - $25-$49,999",Minnesota,10.0,71.4,0.82,75.2,67.6
"Well-Woman Visit - $25-$49,999",Mississippi,14.0,69.6,0.59,76.4,62.8
"Well-Woman Visit - $25-$49,999",Missouri,25.0,63.4,-0.22,71.1,55.6
"Well-Woman Visit - $25-$49,999",Montana,48.0,52.4,-1.66,60.4,44.3
"Well-Woman Visit - $25-$49,999",Nebraska,34.0,59.8,-0.69,64.7,54.9
"Well-Woman Visit - $25-$49,999",Nevada,29.0,62.7,-0.31,71.8,53.6
"Well-Woman Visit - $25-$49,999",New Hampshire,22.0,64.3,-0.1,74.0,54.7
"Well-Woman Visit - $25-$49,999",New Jersey,6.0,72.9,1.02,80.9,65.0
"Well-Woman Visit - $25-$49,999",New Mexico,44.0,56.3,-1.15,63.9,48.7
"Well-Woman Visit - $25-$49,999",New York,10.0,71.4,0.82,76.0,66.8
"Well-Woman Visit - $25-$49,999",North Carolina,7.0,71.8,0.88,78.0,65.7
"Well-Woman Visit - $25-$49,999",North Dakota,40.0,57.3,-1.02,64.4,50.2
"Well-Woman Visit - $25-$49,999",Ohio,10.0,71.4,0.82,76.6,66.3
"Well-Woman Visit - $25-$49,999",Oklahoma,31.0,61.7,-0.44,67.7,55.6
"Well-Woman Visit - $25-$49,999",Oregon,28.0,62.9,-0.29,69.4,56.4
"Well-Woman Visit - $25-$49,999",Pennsylvania,39.0,57.8,-0.95,64.9,50.8
"Well-Woman Visit - $25-$49,999",Rhode Island,2.0,80.8,2.0,87.1,74.6
"Well-Woman Visit - $25-$49,999",South Carolina,36.0,58.8,-0.82,64.0,53.6
"Well-Woman Visit - $25-$49,999",South Dakota,21.0,65.4,0.04,73.6,57.3
"Well-Woman Visit - $25-$49,999",Tennessee,18.0,67.1,0.26,74.4,59.8
"Well-Woman Visit - $25-$49,999",Texas,35.0,59.0,-0.8,66.1,52.0
"Well-Woman Visit - $25-$49,999",Utah,47.0,53.6,-1.5,58.5,48.6
"Well-Woman Visit - $25-$49,999",Vermont,32.0,61.6,-0.46,68.5,54.7
"Well-Woman Visit - $25-$49,999",Virginia,17.0,67.5,0.31,73.2,61.8
"Well-Woman Visit - $25-$49,999",Washington,23.0,63.8,-0.17,68.6,59.1
"Well-Woman Visit - $25-$49,999",West Virginia,15.0,68.7,0.47,75.0,62.5
"Well-Woman Visit - $25-$49,999",Wisconsin,20.0,66.7,0.21,74.2,59.2
"Well-Woman Visit - $25-$49,999",Wyoming,45.0,54.9,-1.33,63.6,46.3
"Well-Woman Visit - $25-$49,999",United States,,65.1,,66.3,63.8
"Well-Woman Visit - $25-$49,999",District of Columbia,,84.4,,91.1,77.8
"Well-Woman Visit - $75,000 or More",Alabama,30.0,68.9,-0.29,74.7,63.0
"Well-Woman Visit - $75,000 or More",Alaska,50.0,56.0,-2.0,65.0,47.0
"Well-Woman Visit - $75,000 or More",Arizona,44.0,62.3,-1.41,67.0,57.6
"Well-Woman Visit - $75,000 or More",Arkansas,46.0,61.3,-1.58,71.8,50.9
"Well-Woman Visit - $75,000 or More",California,26.0,71.0,0.07,74.6,67.4
"Well-Woman Visit - $75,000 or More",Colorado,40.0,65.2,-0.92,68.6,61.8
"Well-Woman Visit - $75,000 or More",Connecticut,32.0,68.1,-0.43,71.8,64.3
"Well-Woman Visit - $75,000 or More",Delaware,37.0,66.6,-0.68,74.8,58.4
"Well-Woman Visit - $75,000 or More",Florida,4.0,78.4,1.33,82.5,74.2
"Well-Woman Visit - $75,000 or More",Georgia,7.0,75.2,0.78,80.4,70.1
"Well-Woman Visit - $75,000 or More",Hawaii,28.0,69.7,-0.15,74.1,65.2
"Well-Woman Visit - $75,000 or More",Idaho,49.0,58.7,-2.0,65.4,51.9
"Well-Woman Visit - $75,000 or More",Illinois,24.0,71.2,0.1,75.9,66.5
"Well-Woman Visit - $75,000 or More",Indiana,36.0,66.7,-0.66,71.0,62.5
"Well-Woman Visit - $75,000 or More",Iowa,31.0,68.6,-0.34,73.1,64.1
"Well-Woman Visit - $75,000 or More",Kansas,8.0,74.7,0.7,77.6,71.8
"Well-Woman Visit - $75,000 or More",Kentucky,11.0,73.9,0.56,79.1,68.7
"Well-Woman Visit - $75,000 or More",Louisiana,20.0,71.9,0.22,77.9,66.0
"Well-Woman Visit - $75,000 or More",Maine,13.0,73.5,0.49,78.4,68.7
"Well-Woman Visit - $75,000 or More",Maryland,17.0,72.1,0.26,75.3,68.8
"Well-Woman Visit - $75,000 or More",Massachusetts,12.0,73.6,0.51,78.1,69.1
"Well-Woman Visit - $75,000 or More",Michigan,21.0,71.8,0.2,75.5,68.0
"Well-Woman Visit - $75,000 or More",Minnesota,23.0,71.4,0.14,73.9,68.8
"Well-Woman Visit - $75,000 or More",Mississippi,17.0,72.1,0.26,79.1,65.1
"Well-Woman Visit - $75,000 or More",Missouri,5.0,77.6,1.19,82.6,72.6
"Well-Woman Visit - $75,000 or More",Montana,10.0,74.2,0.61,80.4,68.0
"Well-Woman Visit - $75,000 or More",Nebraska,34.0,67.7,-0.49,72.1,63.4
"Well-Woman Visit - $75,000 or More",Nevada,15.0,72.5,0.32,79.7,65.3
"Well-Woman Visit - $75,000 or More",New Hampshire,17.0,72.1,0.26,77.7,66.5
"Well-Woman Visit - $75,000 or More",New Jersey,29.0,69.4,-0.2,74.6,64.3
"Well-Woman Visit - $75,000 or More",New Mexico,43.0,62.5,-1.38,69.7,55.3
"Well-Woman Visit - $75,000 or More",New York,32.0,68.1,-0.43,71.6,64.6
"Well-Woman Visit - $75,000 or More",North Carolina,3.0,78.7,1.38,83.4,74.0
"Well-Woman Visit - $75,000 or More",North Dakota,42.0,63.6,-1.19,68.2,58.9
"Well-Woman Visit - $75,000 or More",Ohio,21.0,71.8,0.2,76.0,67.6
"Well-Woman Visit - $75,000 or More",Oklahoma,16.0,72.4,0.31,77.6,67.2
"Well-Woman Visit - $75,000 or More",Oregon,46.0,61.3,-1.58,66.5,56.1
"Well-Woman Visit - $75,000 or More",Pennsylvania,35.0,67.0,-0.61,71.8,62.2
"Well-Woman Visit - $75,000 or More",Rhode Island,1.0,84.8,2.0,89.5,80.1
"Well-Woman Visit - $75,000 or More",South Carolina,38.0,65.8,-0.82,70.8,60.8
"Well-Woman Visit - $75,000 or More",South Dakota,2.0,81.7,1.89,86.8,76.6
"Well-Woman Visit - $75,000 or More",Tennessee,9.0,74.3,0.63,80.5,68.2
"Well-Woman Visit - $75,000 or More",Texas,25.0,71.1,0.09,76.0,66.2
"Well-Woman Visit - $75,000 or More",Utah,48.0,61.1,-1.62,64.6,57.7
"Well-Woman Visit - $75,000 or More",Vermont,39.0,65.5,-0.87,71.3,59.7
"Well-Woman Visit - $75,000 or More",Virginia,14.0,72.6,0.34,76.3,68.9
"Well-Woman Visit - $75,000 or More",Washington,41.0,64.1,-1.11,67.4,60.9
"Well-Woman Visit - $75,000 or More",West Virginia,6.0,76.6,1.02,81.5,71.7
"Well-Woman Visit - $75,000 or More",Wisconsin,27.0,70.4,-0.03,75.5,65.3
"Well-Woman Visit - $75,000 or More",Wyoming,45.0,62.0,-1.46,69.0,55.0
"Well-Woman Visit - $75,000 or More",United States,,70.6,,71.5,69.7
"Well-Woman Visit - $75,000 or More",District of Columbia,,68.5,,73.5,63.5
"Well-Woman Visit - 50-$74,999",Alabama,10.0,72.2,0.86,78.9,65.5
"Well-Woman Visit - 50-$74,999",Alaska,48.0,51.0,-2.0,64.9,37.1
"Well-Woman Visit - 50-$74,999",Arizona,39.0,61.2,-0.77,68.0,54.5
"Well-Woman Visit - 50-$74,999",Arkansas,27.0,64.9,-0.22,79.2,50.6
"Well-Woman Visit - 50-$74,999",California,23.0,66.8,0.06,73.5,60.2
"Well-Woman Visit - 50-$74,999",Colorado,43.0,59.6,-1.0,65.1,54.0
"Well-Woman Visit - 50-$74,999",Connecticut,31.0,63.9,-0.37,71.5,56.3
"Well-Woman Visit - 50-$74,999",Delaware,2.0,77.4,1.63,88.8,66.0
"Well-Woman Visit - 50-$74,999",Florida,14.0,70.6,0.62,76.8,64.5
"Well-Woman Visit - 50-$74,999",Georgia,6.0,73.3,1.02,80.8,65.8
"Well-Woman Visit - 50-$74,999",Hawaii,23.0,66.8,0.06,74.4,59.2
"Well-Woman Visit - 50-$74,999",Idaho,47.0,53.7,-1.88,62.2,45.2
"Well-Woman Visit - 50-$74,999",Illinois,18.0,68.6,0.33,76.8,60.5
"Well-Woman Visit - 50-$74,999",Indiana,22.0,67.0,0.09,72.9,61.0
"Well-Woman Visit - 50-$74,999",Iowa,11.0,71.3,0.72,77.3,65.4
"Well-Woman Visit - 50-$74,999",Kansas,29.0,64.3,-0.31,69.0,59.5
"Well-Woman Visit - 50-$74,999",Kentucky,7.0,73.0,0.98,80.1,65.8
"Well-Woman Visit - 50-$74,999",Louisiana,8.0,72.9,0.96,81.6,64.1
"Well-Woman Visit - 50-$74,999",Maine,34.0,62.0,-0.65,69.5,54.4
"Well-Woman Visit - 50-$74,999",Maryland,17.0,68.8,0.35,74.6,63.0
"Well-Woman Visit - 50-$74,999",Massachusetts,32.0,63.6,-0.41,72.4,54.7
"Well-Woman Visit - 50-$74,999",Michigan,25.0,66.5,0.01,72.3,60.7
"Well-Woman Visit - 50-$74,999",Minnesota,15.0,69.8,0.5,73.8,65.7
"Well-Woman Visit - 50-$74,999",Mississippi,16.0,69.4,0.44,79.1,59.8
"Well-Woman Visit - 50-$74,999",Missouri,36.0,61.7,-0.69,70.6,52.8
"Well-Woman Visit - 50-$74,999",Montana,30.0,64.2,-0.33,73.2,55.2
"Well-Woman Visit - 50-$74,999",Nebraska,33.0,63.5,-0.43,68.9,58.1
"Well-Woman Visit - 50-$74,999",Nevada,42.0,60.1,-0.93,72.4,47.8
"Well-Woman Visit - 50-$74,999",New Hampshire,4.0,73.8,1.09,82.5,65.0
"Well-Woman Visit - 50-$74,999",New Jersey,3.0,73.9,1.11,81.9,66.0
"Well-Woman Visit - 50-$74,999",New Mexico,50.0,50.9,-2.0,60.6,41.2
"Well-Woman Visit - 50-$74,999",New York,18.0,68.6,0.33,74.4,62.9
"Well-Woman Visit - 50-$74,999",North Carolina,1.0,79.6,1.95,86.1,73.2
"Well-Woman Visit - 50-$74,999",North Dakota,41.0,60.3,-0.9,68.5,52.1
"Well-Woman Visit - 50-$74,999",Ohio,35.0,61.8,-0.68,68.5,55.2
"Well-Woman Visit - 50-$74,999",Oklahoma,21.0,67.9,0.22,75.2,60.5
"Well-Woman Visit - 50-$74,999",Oregon,48.0,51.0,-2.0,59.3,42.8
"Well-Woman Visit - 50-$74,999",Pennsylvania,38.0,61.3,-0.75,68.9,53.7
"Well-Woman Visit - 50-$74,999",Rhode Island,4.0,73.8,1.09,83.4,64.3
"Well-Woman Visit - 50-$74,999",South Carolina,46.0,55.8,-1.57,62.9,48.7
"Well-Woman Visit - 50-$74,999",South Dakota,26.0,66.0,-0.06,76.3,55.8
"Well-Woman Visit - 50-$74,999",Tennessee,28.0,64.5,-0.28,73.1,55.9
"Well-Woman Visit - 50-$74,999",Texas,36.0,61.7,-0.69,70.8,52.6
"Well-Woman Visit - 50-$74,999",Utah,44.0,58.2,-1.21,63.0,53.5
"Well-Woman Visit - 50-$74,999",Vermont,18.0,68.6,0.33,76.5,60.8
"Well-Woman Visit - 50-$74,999",Virginia,13.0,70.8,0.65,76.7,64.9
"Well-Woman Visit - 50-$74,999",Washington,39.0,61.2,-0.77,66.5,55.9
"Well-Woman Visit - 50-$74,999",West Virginia,9.0,72.8,0.95,79.9,65.7
"Well-Woman Visit - 50-$74,999",Wisconsin,12.0,71.2,0.71,78.9,63.5
"Well-Woman Visit - 50-$74,999",Wyoming,45.0,56.3,-1.49,65.7,46.9
"Well-Woman Visit - 50-$74,999",United States,,66.4,,67.8,65.0
"Well-Woman Visit - 50-$74,999",District of Columbia,,74.7,,83.5,65.9
Well-Woman Visit - Ages 18-24,Alabama,34.0,62.2,-0.48,68.0,56.5
Well-Woman Visit - Ages 18-24,Alaska,50.0,43.6,-2.0,53.7,33.6
Well-Woman Visit - Ages 18-24,Arizona,36.0,59.8,-0.82,65.0,54.6
Well-Woman Visit - Ages 18-24,Arkansas,43.0,57.9,-1.09,68.6,47.2
Well-Woman Visit - Ages 18-24,California,30.0,63.7,-0.27,67.8,59.6
Well-Woman Visit - Ages 18-24,Colorado,44.0,57.6,-1.14,62.4,52.8
Well-Woman Visit - Ages 18-24,Connecticut,10.0,71.6,0.85,76.8,66.3
Well-Woman Visit - Ages 18-24,Delaware,2.0,76.1,1.49,83.1,69.0
Well-Woman Visit - Ages 18-24,Florida,33.0,62.4,-0.45,67.0,57.9
Well-Woman Visit - Ages 18-24,Georgia,18.0,67.3,0.24,73.2,61.4
Well-Woman Visit - Ages 18-24,Hawaii,9.0,72.0,0.91,76.7,67.3
Well-Woman Visit - Ages 18-24,Idaho,49.0,50.8,-2.0,58.1,43.6
Well-Woman Visit - Ages 18-24,Illinois,24.0,66.0,0.06,72.1,60.0
Well-Woman Visit - Ages 18-24,Indiana,26.0,64.8,-0.11,69.6,60.0
Well-Woman Visit - Ages 18-24,Iowa,28.0,64.6,-0.14,69.9,59.3
Well-Woman Visit - Ages 18-24,Kansas,36.0,59.8,-0.82,63.8,55.9
Well-Woman Visit - Ages 18-24,Kentucky,13.0,69.5,0.55,74.7,64.4
Well-Woman Visit - Ages 18-24,Louisiana,26.0,64.8,-0.11,72.3,57.4
Well-Woman Visit - Ages 18-24,Maine,15.0,67.8,0.31,74.5,61.1
Well-Woman Visit - Ages 18-24,Maryland,8.0,72.1,0.92,76.8,67.4
Well-Woman Visit - Ages 18-24,Massachusetts,3.0,75.3,1.38,80.3,70.4
Well-Woman Visit - Ages 18-24,Michigan,16.0,67.7,0.3,71.7,63.8
Well-Woman Visit - Ages 18-24,Minnesota,21.0,66.6,0.14,70.1,63.1
Well-Woman Visit - Ages 18-24,Mississippi,31.0,63.2,-0.34,71.0,55.4
Well-Woman Visit - Ages 18-24,Missouri,40.0,58.8,-0.97,65.3,52.4
Well-Woman Visit - Ages 18-24,Montana,42.0,58.4,-1.02,65.7,51.1
Well-Woman Visit - Ages 18-24,Nebraska,38.0,59.2,-0.91,63.6,54.8
Well-Woman Visit - Ages 18-24,Nevada,23.0,66.3,0.1,74.0,58.7
Well-Woman Visit - Ages 18-24,New Hampshire,17.0,67.5,0.27,75.5,59.5
Well-Woman Visit - Ages 18-24,New Jersey,7.0,72.6,0.99,78.6,66.6
Well-Woman Visit - Ages 18-24,New Mexico,48.0,52.5,-1.86,60.2,44.8
Well-Woman Visit - Ages 18-24,New York,4.0,73.8,1.16,77.4,70.3
Well-Woman Visit - Ages 18-24,North Carolina,12.0,70.3,0.67,75.6,64.9
Well-Woman Visit - Ages 18-24,North Dakota,46.0,56.1,-1.35,62.9,49.2
Well-Woman Visit - Ages 18-24,Ohio,6.0,72.9,1.04,77.6,68.2
Well-Woman Visit - Ages 18-24,Oklahoma,29.0,64.1,-0.21,70.0,58.2
Well-Woman Visit - Ages 18-24,Oregon,45.0,57.4,-1.16,63.5,51.2
Well-Woman Visit - Ages 18-24,Pennsylvania,19.0,67.2,0.23,72.6,61.8
Well-Woman Visit - Ages 18-24,Rhode Island,1.0,79.0,1.9,86.1,72.0
Well-Woman Visit - Ages 18-24,South Carolina,39.0,59.0,-0.94,64.2,53.7
Well-Woman Visit - Ages 18-24,South Dakota,35.0,61.0,-0.65,69.8,52.3
Well-Woman Visit - Ages 18-24,Tennessee,20.0,66.8,0.17,73.2,60.5
Well-Woman Visit - Ages 18-24,Texas,32.0,63.0,-0.37,68.8,57.2
Well-Woman Visit - Ages 18-24,Utah,47.0,54.3,-1.61,58.4,50.3
Well-Woman Visit - Ages 18-24,Vermont,11.0,71.0,0.77,77.4,64.7
Well-Woman Visit - Ages 18-24,Virginia,14.0,68.2,0.37,73.1,63.3
Well-Woman Visit - Ages 18-24,Washington,40.0,58.8,-0.97,63.1,54.4
Well-Woman Visit - Ages 18-24,West Virginia,5.0,73.7,1.15,79.1,68.2
Well-Woman Visit - Ages 18-24,Wisconsin,21.0,66.6,0.14,73.5,59.8
Well-Woman Visit - Ages 18-24,Wyoming,25.0,65.0,-0.09,73.3,56.6
Well-Woman Visit - Ages 18-24,United States,,65.6,,66.7,64.6
Well-Woman Visit - Ages 18-24,District of Columbia,,77.4,,84.2,70.7
Well-Woman Visit - Ages 25-34,Alabama,33.0,61.8,-0.55,65.9,57.6
Well-Woman Visit - Ages 25-34,Alaska,48.0,53.1,-2.0,61.0,45.2
Well-Woman Visit - Ages 25-34,Arizona,40.0,59.1,-1.03,63.2,55.0
Well-Woman Visit - Ages 25-34,Arkansas,45.0,55.7,-1.64,62.7,48.6
Well-Woman Visit - Ages 25-34,California,29.0,63.8,-0.2,66.7,60.9
Well-Woman Visit - Ages 25-34,Colorado,41.0,58.4,-1.16,61.6,55.2
Well-Woman Visit - Ages 25-34,Connecticut,13.0,68.3,0.6,72.2,64.5
Well-Woman Visit - Ages 25-34,Delaware,8.0,70.2,0.94,75.8,64.7
Well-Woman Visit - Ages 25-34,Florida,15.0,67.4,0.44,70.6,64.2
Well-Woman Visit - Ages 25-34,Georgia,16.0,67.3,0.43,71.4,63.1
Well-Woman Visit - Ages 25-34,Hawaii,21.0,65.7,0.14,69.8,61.5
Well-Woman Visit - Ages 25-34,Idaho,50.0,51.3,-2.0,56.7,45.9
Well-Woman Visit - Ages 25-34,Illinois,25.0,65.0,0.02,69.4,60.6
Well-Woman Visit - Ages 25-34,Indiana,36.0,60.7,-0.75,64.3,57.2
Well-Woman Visit - Ages 25-34,Iowa,20.0,65.9,0.18,69.8,62.1
Well-Woman Visit - Ages 25-34,Kansas,37.0,60.5,-0.78,63.3,57.7
Well-Woman Visit - Ages 25-34,Kentucky,5.0,71.0,1.08,75.1,67.0
Well-Woman Visit - Ages 25-34,Louisiana,10.0,69.1,0.75,73.8,64.4
Well-Woman Visit - Ages 25-34,Maine,26.0,64.6,-0.05,69.0,60.1
Well-Woman Visit - Ages 25-34,Maryland,12.0,68.4,0.62,71.8,65.0
Well-Woman Visit - Ages 25-34,Massachusetts,3.0,72.2,1.3,76.3,68.1
Well-Woman Visit - Ages 25-34,Michigan,22.0,65.2,0.05,68.5,61.9
Well-Woman Visit - Ages 25-34,Minnesota,4.0,71.8,1.23,74.1,69.4
Well-Woman Visit - Ages 25-34,Mississippi,22.0,65.2,0.05,70.3,60.1
Well-Woman Visit - Ages 25-34,Missouri,24.0,65.1,0.04,70.0,60.2
Well-Woman Visit - Ages 25-34,Montana,31.0,62.9,-0.36,68.2,57.6
Well-Woman Visit - Ages 25-34,Nebraska,32.0,62.4,-0.44,65.8,59.0
Well-Woman Visit - Ages 25-34,Nevada,38.0,60.0,-0.87,65.7,54.3
Well-Woman Visit - Ages 25-34,New Hampshire,14.0,67.5,0.46,73.4,61.6
Well-Woman Visit - Ages 25-34,New Jersey,7.0,70.4,0.98,74.8,65.9
Well-Woman Visit - Ages 25-34,New Mexico,44.0,58.1,-1.21,63.0,53.2
Well-Woman Visit - Ages 25-34,New York,9.0,69.2,0.76,71.9,66.5
Well-Woman Visit - Ages 25-34,North Carolina,1.0,73.8,1.58,77.7,70.0
Well-Woman Visit - Ages 25-34,North Dakota,41.0,58.4,-1.16,63.0,53.8
Well-Woman Visit - Ages 25-34,Ohio,19.0,66.3,0.25,70.0,62.7
Well-Woman Visit - Ages 25-34,Oklahoma,35.0,60.8,-0.73,64.9,56.6
Well-Woman Visit - Ages 25-34,Oregon,47.0,55.5,-1.67,59.9,51.0
Well-Woman Visit - Ages 25-34,Pennsylvania,27.0,64.1,-0.14,68.4,59.7
Well-Woman Visit - Ages 25-34,Rhode Island,2.0,73.7,1.56,78.6,68.7
Well-Woman Visit - Ages 25-34,South Carolina,43.0,58.2,-1.19,61.9,54.5
Well-Woman Visit - Ages 25-34,South Dakota,11.0,69.0,0.73,74.8,63.2
Well-Woman Visit - Ages 25-34,Tennessee,27.0,64.1,-0.14,68.9,59.2
Well-Woman Visit - Ages 25-34,Texas,34.0,61.5,-0.6,65.6,57.3
Well-Woman Visit - Ages 25-34,Utah,49.0,52.3,-2.0,55.6,49.1
Well-Woman Visit - Ages 25-34,Vermont,30.0,63.1,-0.32,68.2,58.0
Well-Woman Visit - Ages 25-34,Virginia,18.0,66.9,0.36,70.4,63.3
Well-Woman Visit - Ages 25-34,Washington,39.0,59.6,-0.94,62.6,56.6
Well-Woman Visit - Ages 25-34,West Virginia,5.0,71.0,1.08,74.8,67.2
Well-Woman Visit - Ages 25-34,Wisconsin,17.0,67.2,0.41,72.2,62.3
Well-Woman Visit - Ages 25-34,Wyoming,46.0,55.6,-1.65,61.7,49.5
Well-Woman Visit - Ages 25-34,United States,,64.9,,65.7,64.1
Well-Woman Visit - Ages 25-34,District of Columbia,,77.9,,82.0,73.8
Well-Woman Visit - Ages 35-44,Alabama,13.0,72.7,0.69,76.3,69.1
Well-Woman Visit - Ages 35-44,Alaska,48.0,58.9,-1.81,66.8,51.0
Well-Woman Visit - Ages 35-44,Arizona,42.0,63.9,-0.9,67.4,60.4
Well-Woman Visit - Ages 35-44,Arkansas,34.0,66.4,-0.45,72.1,60.7
Well-Woman Visit - Ages 35-44,California,38.0,65.0,-0.7,68.1,62.0
Well-Woman Visit - Ages 35-44,Colorado,45.0,60.9,-1.45,63.8,58.0
Well-Woman Visit - Ages 35-44,Connecticut,17.0,71.3,0.43,74.5,68.0
Well-Woman Visit - Ages 35-44,Delaware,7.0,73.6,0.85,78.7,68.4
Well-Woman Visit - Ages 35-44,Florida,3.0,76.0,1.28,79.0,73.0
Well-Woman Visit - Ages 35-44,Georgia,5.0,74.7,1.05,78.4,71.0
Well-Woman Visit - Ages 35-44,Hawaii,29.0,67.8,-0.2,71.6,64.0
Well-Woman Visit - Ages 35-44,Idaho,50.0,55.4,-2.0,60.3,50.5
Well-Woman Visit - Ages 35-44,Illinois,27.0,68.3,-0.11,72.3,64.4
Well-Woman Visit - Ages 35-44,Indiana,36.0,66.2,-0.49,69.3,63.2
Well-Woman Visit - Ages 35-44,Iowa,19.0,70.6,0.31,74.2,67.0
Well-Woman Visit - Ages 35-44,Kansas,30.0,67.5,-0.25,70.1,64.9
Well-Woman Visit - Ages 35-44,Kentucky,7.0,73.6,0.85,77.4,69.9
Well-Woman Visit - Ages 35-44,Louisiana,4.0,74.9,1.08,79.5,70.3
Well-Woman Visit - Ages 35-44,Maine,17.0,71.3,0.43,75.1,67.4
Well-Woman Visit - Ages 35-44,Maryland,15.0,72.2,0.6,75.0,69.4
Well-Woman Visit - Ages 35-44,Massachusetts,6.0,74.4,0.99,78.5,70.3
Well-Woman Visit - Ages 35-44,Michigan,10.0,73.0,0.74,75.8,70.2
Well-Woman Visit - Ages 35-44,Minnesota,24.0,69.4,0.09,71.7,67.1
Well-Woman Visit - Ages 35-44,Mississippi,22.0,70.1,0.22,74.6,65.6
Well-Woman Visit - Ages 35-44,Missouri,32.0,66.9,-0.36,71.4,62.5
Well-Woman Visit - Ages 35-44,Montana,40.0,64.6,-0.78,69.4,59.7
Well-Woman Visit - Ages 35-44,Nebraska,39.0,64.9,-0.72,68.1,61.8
Well-Woman Visit - Ages 35-44,Nevada,26.0,68.5,-0.07,74.1,62.9
Well-Woman Visit - Ages 35-44,New Hampshire,27.0,68.3,-0.11,73.0,63.7
Well-Woman Visit - Ages 35-44,New Jersey,2.0,76.6,1.39,80.3,72.9
Well-Woman Visit - Ages 35-44,New Mexico,44.0,61.2,-1.39,65.5,56.8
Well-Woman Visit - Ages 35-44,New York,12.0,72.8,0.7,75.3,70.2
Well-Woman Visit - Ages 35-44,North Carolina,9.0,73.3,0.8,77.1,69.5
Well-Woman Visit - Ages 35-44,North Dakota,41.0,64.1,-0.87,68.4,59.8
Well-Woman Visit - Ages 35-44,Ohio,14.0,72.4,0.63,75.7,69.1
Well-Woman Visit - Ages 35-44,Oklahoma,25.0,68.6,-0.05,72.5,64.6
Well-Woman Visit - Ages 35-44,Oregon,46.0,60.8,-1.46,64.8,56.7
Well-Woman Visit - Ages 35-44,Pennsylvania,33.0,66.8,-0.38,70.9,62.7
Well-Woman Visit - Ages 35-44,Rhode Island,1.0,83.4,2.0,87.0,79.8
Well-Woman Visit - Ages 35-44,South Carolina,31.0,67.3,-0.29,70.6,64.1
Well-Woman Visit - Ages 35-44,South Dakota,23.0,70.0,0.2,75.7,64.4
Well-Woman Visit - Ages 35-44,Tennessee,20.0,70.4,0.27,75.1,65.7
Well-Woman Visit - Ages 35-44,Texas,43.0,61.7,-1.3,65.9,57.5
Well-Woman Visit - Ages 35-44,Utah,47.0,60.7,-1.48,63.5,57.9
Well-Woman Visit - Ages 35-44,Vermont,35.0,66.3,-0.47,70.5,62.1
Well-Woman Visit - Ages 35-44,Virginia,16.0,71.6,0.49,74.8,68.4
Well-Woman Visit - Ages 35-44,Washington,37.0,65.2,-0.67,67.9,62.5
Well-Woman Visit - Ages 35-44,West Virginia,10.0,73.0,0.74,76.5,69.6
Well-Woman Visit - Ages 35-44,Wisconsin,21.0,70.3,0.25,74.7,66.0
Well-Woman Visit - Ages 35-44,Wyoming,49.0,55.7,-2.0,61.0,50.4
Well-Woman Visit - Ages 35-44,United States,,68.9,,69.7,68.2
Well-Woman Visit - Ages 35-44,District of Columbia,,76.7,,80.3,73.0
Well-Woman Visit - American Indian/Alaska Native,Alabama,,,,,
Well-Woman Visit - American Indian/Alaska Native,Alaska,,61.6,,72.6,50.6
Well-Woman Visit - American Indian/Alaska Native,Arizona,,58.9,,68.3,49.5
Well-Woman Visit - American Indian/Alaska Native,Arkansas,,,,,
Well-Woman Visit - American Indian/Alaska Native,California,,,,,
Well-Woman Visit - American Indian/Alaska Native,Colorado,,,,,
Well-Woman Visit - American Indian/Alaska Native,Connecticut,,,,,
Well-Woman Visit - American Indian/Alaska Native,Delaware,,,,,
Well-Woman Visit - American Indian/Alaska Native,Florida,,73.5,,95.8,51.2
Well-Woman Visit - American Indian/Alaska Native,Georgia,,,,,
Well-Woman Visit - American Indian/Alaska Native,Hawaii,,,,,
Well-Woman Visit - American Indian/Alaska Native,Idaho,,,,,
Well-Woman Visit - American Indian/Alaska Native,Illinois,,,,,
Well-Woman Visit - American Indian/Alaska Native,Indiana,,,,,
Well-Woman Visit - American Indian/Alaska Native,Iowa,,,,,
Well-Woman Visit - American Indian/Alaska Native,Kansas,,75.7,,89.1,62.3
Well-Woman Visit - American Indian/Alaska Native,Kentucky,,,,,
Well-Woman Visit - American Indian/Alaska Native,Louisiana,,,,,
Well-Woman Visit - American Indian/Alaska Native,Maine,,,,,
Well-Woman Visit - American Indian/Alaska Native,Maryland,,,,,
Well-Woman Visit - American Indian/Alaska Native,Massachusetts,,,,,
Well-Woman Visit - American Indian/Alaska Native,Michigan,,,,,
Well-Woman Visit - American Indian/Alaska Native,Minnesota,,78.3,,88.5,68.0
Well-Woman Visit - American Indian/Alaska Native,Mississippi,,,,,
Well-Woman Visit - American Indian/Alaska Native,Missouri,,,,,
Well-Woman Visit - American Indian/Alaska Native,Montana,,63.9,,74.6,53.2
Well-Woman Visit - American Indian/Alaska Native,Nebraska,,64.9,,81.8,48.0
Well-Woman Visit - American Indian/Alaska Native,Nevada,,,,,
Well-Woman Visit - American Indian/Alaska Native,New Hampshire,,,,,
Well-Woman Visit - American Indian/Alaska Native,New Jersey,,,,,
Well-Woman Visit - American Indian/Alaska Native,New Mexico,,66.8,,74.6,59.0
Well-Woman Visit - American Indian/Alaska Native,New York,,91.1,,102.6,79.6
Well-Woman Visit - American Indian/Alaska Native,North Carolina,,65.1,,83.2,47.0
Well-Woman Visit - American Indian/Alaska Native,North Dakota,,55.3,,69.3,41.4
Well-Woman Visit - American Indian/Alaska Native,Ohio,,,,,
Well-Woman Visit - American Indian/Alaska Native,Oklahoma,,69.1,,77.4,60.9
Well-Woman Visit - American Indian/Alaska Native,Oregon,,,,,
Well-Woman Visit - American Indian/Alaska Native,Pennsylvania,,,,,
Well-Woman Visit - American Indian/Alaska Native,Rhode Island,,,,,
Well-Woman Visit - American Indian/Alaska Native,South Carolina,,,,,
Well-Woman Visit - American Indian/Alaska Native,South Dakota,,67.1,,75.5,58.7
Well-Woman Visit - American Indian/Alaska Native,Tennessee,,,,,
Well-Woman Visit - American Indian/Alaska Native,Texas,,,,,
Well-Woman Visit - American Indian/Alaska Native,Utah,,66.1,,82.1,50.1
Well-Woman Visit - American Indian/Alaska Native,Vermont,,,,,
Well-Woman Visit - American Indian/Alaska Native,Virginia,,,,,
Well-Woman Visit - American Indian/Alaska Native,Washington,,,,,
Well-Woman Visit - American Indian/Alaska Native,West Virginia,,,,,
Well-Woman Visit - American Indian/Alaska Native,Wisconsin,,,,,
Well-Woman Visit - American Indian/Alaska Native,Wyoming,,,,,
Well-Woman Visit - American Indian/Alaska Native,United States,,64.4,,68.4,60.4
Well-Woman Visit - American Indian/Alaska Native,District of Columbia,,,,,
Well-Woman Visit - Asian,Alabama,,,,,
Well-Woman Visit - Asian,Alaska,,,,,
Well-Woman Visit - Asian,Arizona,,71.3,,83.7,58.9
Well-Woman Visit - Asian,Arkansas,,,,,
Well-Woman Visit - Asian,California,,72.1,,77.3,66.8
Well-Woman Visit - Asian,Colorado,,59.4,,70.8,48.0
Well-Woman Visit - Asian,Connecticut,,65.9,,78.0,53.8
Well-Woman Visit - Asian,Delaware,,,,,
Well-Woman Visit - Asian,Florida,,73.0,,83.7,62.2
Well-Woman Visit - Asian,Georgia,,73.5,,87.5,59.5
Well-Woman Visit - Asian,Hawaii,,72.4,,76.7,68.1
Well-Woman Visit - Asian,Idaho,,,,,
Well-Woman Visit - Asian,Illinois,,65.7,,76.4,55.1
Well-Woman Visit - Asian,Indiana,,60.8,,75.4,46.2
Well-Woman Visit - Asian,Iowa,,,,,
Well-Woman Visit - Asian,Kansas,,71.1,,81.9,60.3
Well-Woman Visit - Asian,Kentucky,,,,,
Well-Woman Visit - Asian,Louisiana,,,,,
Well-Woman Visit - Asian,Maine,,,,,
Well-Woman Visit - Asian,Maryland,,67.2,,76.4,58.1
Well-Woman Visit - Asian,Massachusetts,,68.6,,78.4,58.7
Well-Woman Visit - Asian,Michigan,,65.3,,76.6,53.9
Well-Woman Visit - Asian,Minnesota,,67.8,,74.9,60.7
Well-Woman Visit - Asian,Mississippi,,,,,
Well-Woman Visit - Asian,Missouri,,,,,
Well-Woman Visit - Asian,Montana,,,,,
Well-Woman Visit - Asian,Nebraska,,60.5,,77.1,43.8
Well-Woman Visit - Asian,Nevada,,,,,
Well-Woman Visit - Asian,New Hampshire,,,,,
Well-Woman Visit - Asian,New Jersey,,65.9,,74.7,57.1
Well-Woman Visit - Asian,New Mexico,,,,,
Well-Woman Visit - Asian,New York,,78.8,,84.0,73.7
Well-Woman Visit - Asian,North Carolina,,,,,
Well-Woman Visit - Asian,North Dakota,,,,,
Well-Woman Visit - Asian,Ohio,,62.2,,77.0,47.3
Well-Woman Visit - Asian,Oklahoma,,,,,
Well-Woman Visit - Asian,Oregon,,,,,
Well-Woman Visit - Asian,Pennsylvania,,65.6,,77.8,53.3
Well-Woman Visit - Asian,Rhode Island,,,,,
Well-Woman Visit - Asian,South Carolina,,,,,
Well-Woman Visit - Asian,South Dakota,,,,,
Well-Woman Visit - Asian,Tennessee,,,,,
Well-Woman Visit - Asian,Texas,,72.8,,84.6,61.0
Well-Woman Visit - Asian,Utah,,71.5,,85.7,57.3
Well-Woman Visit - Asian,Vermont,,,,,
Well-Woman Visit - Asian,Virginia,,70.6,,80.0,61.3
Well-Woman Visit - Asian,Washington,,66.1,,72.9,59.3
Well-Woman Visit - Asian,West Virginia,,,,,
Well-Woman Visit - Asian,Wisconsin,,,,,
Well-Woman Visit - Asian,Wyoming,,,,,
Well-Woman Visit - Asian,United States,,70.5,,72.8,68.2
Well-Woman Visit - Asian,District of Columbia,,70.9,,83.4,58.4
Well-Woman Visit - Black,Alabama,,77.9,,81.5,74.2
Well-Woman Visit - Black,Alaska,,,,,
Well-Woman Visit - Black,Arizona,,75.8,,86.3,65.3
Well-Woman Visit - Black,Arkansas,,78.1,,86.2,70.0
Well-Woman Visit - Black,California,,73.9,,81.3,66.5
Well-Woman Visit - Black,Colorado,,70.8,,82.0,59.6
Well-Woman Visit - Black,Connecticut,,84.0,,89.5,78.5
Well-Woman Visit - Black,Delaware,,85.9,,91.4,80.3
Well-Woman Visit - Black,Florida,,76.5,,81.4,71.5
Well-Woman Visit - Black,Georgia,,81.5,,85.2,77.8
Well-Woman Visit - Black,Hawaii,,,,,
Well-Woman Visit - Black,Idaho,,,,,
Well-Woman Visit - Black,Illinois,,81.8,,87.3,76.3
Well-Woman Visit - Black,Indiana,,74.4,,80.8,68.0
Well-Woman Visit - Black,Iowa,,87.5,,97.0,78.0
Well-Woman Visit - Black,Kansas,,67.8,,76.9,58.7
Well-Woman Visit - Black,Kentucky,,73.6,,82.4,64.7
Well-Woman Visit - Black,Louisiana,,77.7,,82.5,72.9
Well-Woman Visit - Black,Maine,,,,,
Well-Woman Visit - Black,Maryland,,79.7,,82.9,76.5
Well-Woman Visit - Black,Massachusetts,,78.6,,88.8,68.4
Well-Woman Visit - Black,Michigan,,79.9,,84.1,75.6
Well-Woman Visit - Black,Minnesota,,78.0,,83.7,72.3
Well-Woman Visit - Black,Mississippi,,71.1,,76.5,65.7
Well-Woman Visit - Black,Missouri,,74.7,,83.0,66.4
Well-Woman Visit - Black,Montana,,,,,
Well-Woman Visit - Black,Nebraska,,70.9,,80.9,60.8
Well-Woman Visit - Black,Nevada,,77.4,,88.4,66.4
Well-Woman Visit - Black,New Hampshire,,,,,
Well-Woman Visit - Black,New Jersey,,87.2,,91.6,82.8
Well-Woman Visit - Black,New Mexico,,,,,
Well-Woman Visit - Black,New York,,82.8,,86.3,79.2
Well-Woman Visit - Black,North Carolina,,77.0,,81.8,72.3
Well-Woman Visit - Black,North Dakota,,,,,
Well-Woman Visit - Black,Ohio,,79.9,,85.3,74.6
Well-Woman Visit - Black,Oklahoma,,75.8,,84.0,67.7
Well-Woman Visit - Black,Oregon,,,,,
Well-Woman Visit - Black,Pennsylvania,,79.8,,85.6,74.0
Well-Woman Visit - Black,Rhode Island,,77.6,,88.6,66.7
Well-Woman Visit - Black,South Carolina,,74.0,,77.6,70.5
Well-Woman Visit - Black,South Dakota,,,,,
Well-Woman Visit - Black,Tennessee,,79.8,,85.7,73.8
Well-Woman Visit - Black,Texas,,71.8,,79.4,64.2
Well-Woman Visit - Black,Utah,,,,,
Well-Woman Visit - Black,Vermont,,,,,
Well-Woman Visit - Black,Virginia,,80.4,,84.5,76.4
Well-Woman Visit - Black,Washington,,72.5,,82.1,62.9
Well-Woman Visit - Black,West Virginia,,80.8,,94.3,67.3
Well-Woman Visit - Black,Wisconsin,,82.5,,94.1,71.0
Well-Woman Visit - Black,Wyoming,,,,,
Well-Woman Visit - Black,United States,,78.1,,79.3,76.9
Well-Woman Visit - Black,District of Columbia,,90.7,,92.7,88.7
Well-Woman Visit - College Grad,Alabama,8.0,72.9,0.59,76.9,68.9
Well-Woman Visit - College Grad,Alaska,47.0,59.7,-2.0,67.2,52.2
Well-Woman Visit - College Grad,Arizona,37.0,66.5,-0.67,70.4,62.7
Well-Woman Visit - College Grad,Arkansas,25.0,69.6,-0.06,76.6,62.7
Well-Woman Visit - College Grad,California,25.0,69.6,-0.06,72.6,66.7
Well-Woman Visit - College Grad,Colorado,42.0,63.7,-1.22,66.6,60.8
Well-Woman Visit - College Grad,Connecticut,34.0,68.2,-0.33,71.5,64.9
Well-Woman Visit - College Grad,Delaware,7.0,74.1,0.83,79.9,68.3
Well-Woman Visit - College Grad,Florida,5.0,75.6,1.12,79.2,72.1
Well-Woman Visit - College Grad,Georgia,6.0,74.8,0.96,78.6,71.0
Well-Woman Visit - College Grad,Hawaii,39.0,66.3,-0.71,70.0,62.7
Well-Woman Visit - College Grad,Idaho,44.0,60.8,-1.79,66.3,55.3
Well-Woman Visit - College Grad,Illinois,33.0,68.5,-0.28,72.4,64.6
Well-Woman Visit - College Grad,Indiana,40.0,66.1,-0.75,69.7,62.6
Well-Woman Visit - College Grad,Iowa,22.0,69.8,-0.02,73.5,66.1
Well-Woman Visit - College Grad,Kansas,28.0,69.0,-0.18,71.6,66.4
Well-Woman Visit - College Grad,Kentucky,16.0,70.9,0.2,75.2,66.6
Well-Woman Visit - College Grad,Louisiana,10.0,72.3,0.47,77.0,67.5
Well-Woman Visit - College Grad,Maine,19.0,70.2,0.06,74.3,66.2
Well-Woman Visit - College Grad,Maryland,12.0,71.9,0.39,74.7,69.2
Well-Woman Visit - College Grad,Massachusetts,11.0,72.2,0.45,75.8,68.5
Well-Woman Visit - College Grad,Michigan,19.0,70.2,0.06,73.2,67.2
Well-Woman Visit - College Grad,Minnesota,18.0,70.7,0.16,72.9,68.5
Well-Woman Visit - College Grad,Mississippi,13.0,71.8,0.37,76.8,66.9
Well-Woman Visit - College Grad,Missouri,25.0,69.6,-0.06,74.8,64.5
Well-Woman Visit - College Grad,Montana,35.0,68.1,-0.35,73.2,63.0
Well-Woman Visit - College Grad,Nebraska,30.0,68.8,-0.22,72.2,65.4
Well-Woman Visit - College Grad,Nevada,23.0,69.7,-0.04,76.0,63.4
Well-Woman Visit - College Grad,New Hampshire,9.0,72.6,0.53,77.4,67.9
Well-Woman Visit - College Grad,New Jersey,16.0,70.9,0.2,75.1,66.6
Well-Woman Visit - College Grad,New Mexico,46.0,59.9,-1.96,65.4,54.4
Well-Woman Visit - College Grad,New York,30.0,68.8,-0.22,71.5,66.1
Well-Woman Visit - College Grad,North Carolina,2.0,78.8,1.75,82.4,75.2
Well-Woman Visit - College Grad,North Dakota,36.0,66.7,-0.63,70.8,62.6
Well-Woman Visit - College Grad,Ohio,15.0,71.5,0.31,75.0,68.1
Well-Woman Visit - College Grad,Oklahoma,23.0,69.7,-0.04,74.0,65.3
Well-Woman Visit - College Grad,Oregon,50.0,58.3,-2.0,62.4,54.1
Well-Woman Visit - College Grad,Pennsylvania,37.0,66.5,-0.67,70.2,62.8
Well-Woman Visit - College Grad,Rhode Island,1.0,81.5,2.0,85.5,77.6
Well-Woman Visit - College Grad,South Carolina,48.0,59.6,-2.0,63.6,55.6
Well-Woman Visit - College Grad,South Dakota,4.0,75.8,1.16,80.6,71.0
Well-Woman Visit - College Grad,Tennessee,32.0,68.7,-0.24,73.7,63.7
Well-Woman Visit - College Grad,Texas,13.0,71.8,0.37,75.7,67.8
Well-Woman Visit - College Grad,Utah,49.0,59.4,-2.0,62.6,56.3
Well-Woman Visit - College Grad,Vermont,41.0,65.8,-0.81,70.1,61.6
Well-Woman Visit - College Grad,Virginia,19.0,70.2,0.06,73.4,66.9
Well-Woman Visit - College Grad,Washington,42.0,63.7,-1.22,66.5,60.8
Well-Woman Visit - College Grad,West Virginia,3.0,77.3,1.45,81.3,73.3
Well-Woman Visit - College Grad,Wisconsin,29.0,68.9,-0.2,73.5,64.3
Well-Woman Visit - College Grad,Wyoming,45.0,60.7,-1.81,66.7,54.7
Well-Woman Visit - College Grad,United States,,69.9,,70.6,69.1
Well-Woman Visit - College Grad,District of Columbia,,70.3,,74.3,66.3
Well-Woman Visit - Hawaiian/Pacific Islander,Alabama,,,,,
Well-Woman Visit - Hawaiian/Pacific Islander,Alaska,,,,,
Well-Woman Visit - Hawaiian/Pacific Islander,Arizona,,,,,
Well-Woman Visit - Hawaiian/Pacific Islander,Arkansas,,,,,
Well-Woman Visit - Hawaiian/Pacific Islander,California,,,,,
Well-Woman Visit - Hawaiian/Pacific Islander,Colorado,,,,,
Well-Woman Visit - Hawaiian/Pacific Islander,Connecticut,,,,,
Well-Woman Visit - Hawaiian/Pacific Islander,Delaware,,,,,
Well-Woman Visit - Hawaiian/Pacific Islander,Florida,,,,,
Well-Woman Visit - Hawaiian/Pacific Islander,Georgia,,,,,
Well-Woman Visit - Hawaiian/Pacific Islander,Hawaii,,65.9,,75.6,56.2
Well-Woman Visit - Hawaiian/Pacific Islander,Idaho,,,,,
Well-Woman Visit - Hawaiian/Pacific Islander,Illinois,,,,,
Well-Woman Visit - Hawaiian/Pacific Islander,Indiana,,,,,
Well-Woman Visit - Hawaiian/Pacific Islander,Iowa,,,,,
Well-Woman Visit - Hawaiian/Pacific Islander,Kansas,,,,,
Well-Woman Visit - Hawaiian/Pacific Islander,Kentucky,,,,,
Well-Woman Visit - Hawaiian/Pacific Islander,Louisiana,,,,,
Well-Woman Visit - Hawaiian/Pacific Islander,Maine,,,,,
Well-Woman Visit - Hawaiian/Pacific Islander,Maryland,,,,,
Well-Woman Visit - Hawaiian/Pacific Islander,Massachusetts,,,,,
Well-Woman Visit - Hawaiian/Pacific Islander,Michigan,,,,,
Well-Woman Visit - Hawaiian/Pacific Islander,Minnesota,,,,,
Well-Woman Visit - Hawaiian/Pacific Islander,Mississippi,,,,,
Well-Woman Visit - Hawaiian/Pacific Islander,Missouri,,,,,
Well-Woman Visit - Hawaiian/Pacific Islander,Montana,,,,,
Well-Woman Visit - Hawaiian/Pacific Islander,Nebraska,,,,,
Well-Woman Visit - Hawaiian/Pacific Islander,Nevada,,,,,
Well-Woman Visit - Hawaiian/Pacific Islander,New Hampshire,,,,,
Well-Woman Visit - Hawaiian/Pacific Islander,New Jersey,,,,,
Well-Woman Visit - Hawaiian/Pacific Islander,New Mexico,,,,,
Well-Woman Visit - Hawaiian/Pacific Islander,New York,,,,,
Well-Woman Visit - Hawaiian/Pacific Islander,North Carolina,,,,,
Well-Woman Visit - Hawaiian/Pacific Islander,North Dakota,,,,,
Well-Woman Visit - Hawaiian/Pacific Islander,Ohio,,,,,
Well-Woman Visit - Hawaiian/Pacific Islander,Oklahoma,,,,,
Well-Woman Visit - Hawaiian/Pacific Islander,Oregon,,,,,
Well-Woman Visit - Hawaiian/Pacific Islander,Pennsylvania,,,,,
Well-Woman Visit - Hawaiian/Pacific Islander,Rhode Island,,,,,
Well-Woman Visit - Hawaiian/Pacific Islander,South Carolina,,,,,
Well-Woman Visit - Hawaiian/Pacific Islander,South Dakota,,,,,
Well-Woman Visit - Hawaiian/Pacific Islander,Tennessee,,,,,
Well-Woman Visit - Hawaiian/Pacific Islander,Texas,,,,,
Well-Woman Visit - Hawaiian/Pacific Islander,Utah,,,,,
Well-Woman Visit - Hawaiian/Pacific Islander,Vermont,,,,,
Well-Woman Visit - Hawaiian/Pacific Islander,Virginia,,,,,
Well-Woman Visit - Hawaiian/Pacific Islander,Washington,,,,,
Well-Woman Visit - Hawaiian/Pacific Islander,West Virginia,,,,,
Well-Woman Visit - Hawaiian/Pacific Islander,Wisconsin,,,,,
Well-Woman Visit - Hawaiian/Pacific Islander,Wyoming,,,,,
Well-Woman Visit - Hawaiian/Pacific Islander,United States,,63.0,,71.7,54.4
Well-Woman Visit - Hawaiian/Pacific Islander,District of Columbia,,,,,
Well-Woman Visit - High School Grad,Alabama,25.0,64.7,-0.2,70.2,59.3
Well-Woman Visit - High School Grad,Alaska,45.0,57.4,-1.24,69.6,45.2
Well-Woman Visit - High School Grad,Arizona,35.0,61.1,-0.71,66.6,55.6
Well-Woman Visit - High School Grad,Arkansas,39.0,60.1,-0.86,68.6,51.5
Well-Woman Visit - High School Grad,California,39.0,60.1,-0.86,65.0,55.2
Well-Woman Visit - High School Grad,Colorado,44.0,58.1,-1.14,63.6,52.7
Well-Woman Visit - High School Grad,Connecticut,9.0,71.8,0.81,77.7,66.0
Well-Woman Visit - High School Grad,Delaware,3.0,75.9,1.4,83.1,68.8
Well-Woman Visit - High School Grad,Florida,6.0,72.3,0.88,76.9,67.8
Well-Woman Visit - High School Grad,Georgia,20.0,67.7,0.23,74.0,61.3
Well-Woman Visit - High School Grad,Hawaii,12.0,70.0,0.56,75.6,64.4
Well-Woman Visit - High School Grad,Idaho,50.0,42.9,-2.0,50.4,35.4
Well-Woman Visit - High School Grad,Illinois,22.0,66.1,0.0,74.0,58.2
Well-Woman Visit - High School Grad,Indiana,28.0,64.0,-0.3,68.8,59.2
Well-Woman Visit - High School Grad,Iowa,27.0,64.3,-0.26,70.6,58.1
Well-Woman Visit - High School Grad,Kansas,36.0,60.8,-0.76,65.1,56.6
Well-Woman Visit - High School Grad,Kentucky,10.0,71.6,0.78,77.5,65.8
Well-Woman Visit - High School Grad,Louisiana,5.0,73.3,1.03,79.7,67.0
Well-Woman Visit - High School Grad,Maine,33.0,61.7,-0.63,68.3,55.1
Well-Woman Visit - High School Grad,Maryland,7.0,72.2,0.87,76.8,67.6
Well-Woman Visit - High School Grad,Massachusetts,8.0,72.1,0.86,80.1,64.0
Well-Woman Visit - High School Grad,Michigan,18.0,69.1,0.43,73.8,64.4
Well-Woman Visit - High School Grad,Minnesota,16.0,69.5,0.49,74.1,64.9
Well-Woman Visit - High School Grad,Mississippi,15.0,69.7,0.51,76.2,63.2
Well-Woman Visit - High School Grad,Missouri,33.0,61.7,-0.63,69.2,54.2
Well-Woman Visit - High School Grad,Montana,36.0,60.8,-0.76,68.6,53.1
Well-Woman Visit - High School Grad,Nebraska,47.0,55.1,-1.57,60.6,49.6
Well-Woman Visit - High School Grad,Nevada,31.0,61.8,-0.61,69.9,53.6
Well-Woman Visit - High School Grad,New Hampshire,29.0,63.9,-0.31,71.6,56.1
Well-Woman Visit - High School Grad,New Jersey,2.0,76.1,1.43,83.1,69.2
Well-Woman Visit - High School Grad,New Mexico,41.0,59.5,-0.94,65.7,53.2
Well-Woman Visit - High School Grad,New York,4.0,75.7,1.37,79.7,71.8
Well-Woman Visit - High School Grad,North Carolina,14.0,69.8,0.53,75.9,63.7
Well-Woman Visit - High School Grad,North Dakota,46.0,55.2,-1.56,63.0,47.4
Well-Woman Visit - High School Grad,Ohio,11.0,71.3,0.74,76.1,66.5
Well-Woman Visit - High School Grad,Oklahoma,36.0,60.8,-0.76,66.5,55.0
Well-Woman Visit - High School Grad,Oregon,42.0,58.2,-1.13,65.4,51.1
Well-Woman Visit - High School Grad,Pennsylvania,17.0,69.2,0.44,75.4,63.1
Well-Woman Visit - High School Grad,Rhode Island,1.0,78.3,1.74,85.1,71.5
Well-Woman Visit - High School Grad,South Carolina,23.0,65.1,-0.14,69.9,60.3
Well-Woman Visit - High School Grad,South Dakota,26.0,64.4,-0.24,74.7,54.1
Well-Woman Visit - High School Grad,Tennessee,24.0,64.8,-0.19,71.6,58.1
Well-Woman Visit - High School Grad,Texas,42.0,58.2,-1.13,64.4,52.1
Well-Woman Visit - High School Grad,Utah,48.0,54.5,-1.66,59.2,49.8
Well-Woman Visit - High School Grad,Vermont,31.0,61.8,-0.61,69.3,54.3
Well-Woman Visit - High School Grad,Virginia,19.0,68.1,0.29,73.4,62.7
Well-Woman Visit - High School Grad,Washington,30.0,62.5,-0.51,67.4,57.7
Well-Woman Visit - High School Grad,West Virginia,12.0,70.0,0.56,75.1,65.0
Well-Woman Visit - High School Grad,Wisconsin,21.0,67.6,0.21,75.6,59.6
Well-Woman Visit - High School Grad,Wyoming,49.0,52.5,-1.94,60.6,44.3
Well-Woman Visit - High School Grad,United States,,66.1,,67.3,65.0
Well-Woman Visit - High School Grad,District of Columbia,,92.9,,95.8,90.1
Well-Woman Visit - Hispanic,Alabama,,60.7,,76.4,45.1
Well-Woman Visit - Hispanic,Alaska,,,,,
Well-Woman Visit - Hispanic,Arizona,,60.6,,65.0,56.2
Well-Woman Visit - Hispanic,Arkansas,,53.5,,70.2,36.7
Well-Woman Visit - Hispanic,California,,60.1,,62.9,57.3
Well-Woman Visit - Hispanic,Colorado,,61.9,,65.9,57.9
Well-Woman Visit - Hispanic,Connecticut,,73.4,,78.6,68.3
Well-Woman Visit - Hispanic,Delaware,,66.7,,74.6,58.9
Well-Woman Visit - Hispanic,Florida,,70.6,,74.7,66.5
Well-Woman Visit - Hispanic,Georgia,,67.6,,74.5,60.8
Well-Woman Visit - Hispanic,Hawaii,,68.6,,74.6,62.5
Well-Woman Visit - Hispanic,Idaho,,59.3,,68.4,50.3
Well-Woman Visit - Hispanic,Illinois,,65.3,,70.8,59.7
Well-Woman Visit - Hispanic,Indiana,,53.6,,60.8,46.3
Well-Woman Visit - Hispanic,Iowa,,64.1,,72.6,55.5
Well-Woman Visit - Hispanic,Kansas,,55.2,,60.4,49.9
Well-Woman Visit - Hispanic,Kentucky,,75.4,,89.7,61.1
Well-Woman Visit - Hispanic,Louisiana,,59.9,,77.4,42.3
Well-Woman Visit - Hispanic,Maine,,,,,
Well-Woman Visit - Hispanic,Maryland,,69.5,,76.1,63.0
Well-Woman Visit - Hispanic,Massachusetts,,74.8,,80.6,68.9
Well-Woman Visit - Hispanic,Michigan,,62.2,,71.0,53.4
Well-Woman Visit - Hispanic,Minnesota,,67.6,,73.2,62.0
Well-Woman Visit - Hispanic,Mississippi,,,,,
Well-Woman Visit - Hispanic,Missouri,,69.5,,82.3,56.7
Well-Woman Visit - Hispanic,Montana,,72.0,,89.9,54.0
Well-Woman Visit - Hispanic,Nebraska,,62.5,,67.7,57.2
Well-Woman Visit - Hispanic,Nevada,,59.6,,65.5,53.8
Well-Woman Visit - Hispanic,New Hampshire,,,,,
Well-Woman Visit - Hispanic,New Jersey,,76.1,,81.1,71.1
Well-Woman Visit - Hispanic,New Mexico,,58.5,,63.0,54.1
Well-Woman Visit - Hispanic,New York,,73.0,,76.5,69.5
Well-Woman Visit - Hispanic,North Carolina,,71.4,,78.4,64.3
Well-Woman Visit - Hispanic,North Dakota,,,,,
Well-Woman Visit - Hispanic,Ohio,,70.6,,81.3,60.0
Well-Woman Visit - Hispanic,Oklahoma,,58.8,,67.1,50.4
Well-Woman Visit - Hispanic,Oregon,,61.0,,68.5,53.6
Well-Woman Visit - Hispanic,Pennsylvania,,68.7,,77.8,59.7
Well-Woman Visit - Hispanic,Rhode Island,,79.5,,85.9,73.1
Well-Woman Visit - Hispanic,South Carolina,,66.9,,75.7,58.2
Well-Woman Visit - Hispanic,South Dakota,,,,,
Well-Woman Visit - Hispanic,Tennessee,,52.6,,66.9,38.2
Well-Woman Visit - Hispanic,Texas,,56.6,,60.8,52.4
Well-Woman Visit - Hispanic,Utah,,56.3,,61.7,51.0
Well-Woman Visit - Hispanic,Vermont,,,,,
Well-Woman Visit - Hispanic,Virginia,,68.6,,75.5,61.8
Well-Woman Visit - Hispanic,Washington,,61.5,,66.3,56.7
Well-Woman Visit - Hispanic,West Virginia,,,,,
Well-Woman Visit - Hispanic,Wisconsin,,65.6,,77.1,54.0
Well-Woman Visit - Hispanic,Wyoming,,57.9,,69.7,46.2
Well-Woman Visit - Hispanic,United States,,63.2,,64.5,62.0
Well-Woman Visit - Hispanic,District of Columbia,,77.7,,86.5,68.9
"Well-Woman Visit - Less than $25,000",Alabama,30.0,62.2,-0.23,67.5,56.9
"Well-Woman Visit - Less than $25,000",Alaska,26.0,64.5,0.1,76.6,52.4
"Well-Woman Visit - Less than $25,000",Arizona,31.0,61.9,-0.27,67.5,56.2
"Well-Woman Visit - Less than $25,000",Arkansas,32.0,61.7,-0.3,69.1,54.3
"Well-Woman Visit - Less than $25,000",California,44.0,57.8,-0.87,61.8,53.8
"Well-Woman Visit - Less than $25,000",Colorado,42.0,58.1,-0.82,63.2,53.0
"Well-Woman Visit - Less than $25,000",Connecticut,8.0,71.5,1.11,77.6,65.4
"Well-Woman Visit - Less than $25,000",Delaware,13.0,70.1,0.91,77.2,63.0
"Well-Woman Visit - Less than $25,000",Florida,19.0,67.1,0.48,71.3,62.8
"Well-Woman Visit - Less than $25,000",Georgia,21.0,66.4,0.37,72.1,60.8
"Well-Woman Visit - Less than $25,000",Hawaii,20.0,67.0,0.46,72.9,61.1
"Well-Woman Visit - Less than $25,000",Idaho,47.0,52.3,-1.66,59.8,44.8
"Well-Woman Visit - Less than $25,000",Illinois,34.0,60.4,-0.49,66.6,54.3
"Well-Woman Visit - Less than $25,000",Indiana,18.0,67.3,0.5,71.7,63.0
"Well-Woman Visit - Less than $25,000",Iowa,4.0,73.6,1.41,79.3,67.8
"Well-Woman Visit - Less than $25,000",Kansas,46.0,54.2,-1.38,58.8,49.6
"Well-Woman Visit - Less than $25,000",Kentucky,15.0,68.7,0.71,74.8,62.5
"Well-Woman Visit - Less than $25,000",Louisiana,14.0,70.0,0.89,76.2,63.9
"Well-Woman Visit - Less than $25,000",Maine,10.0,70.8,1.01,76.5,65.0
"Well-Woman Visit - Less than $25,000",Maryland,6.0,73.1,1.34,78.8,67.5
"Well-Woman Visit - Less than $25,000",Massachusetts,5.0,73.4,1.38,83.0,63.8
"Well-Woman Visit - Less than $25,000",Michigan,8.0,71.5,1.11,76.0,67.0
"Well-Woman Visit - Less than $25,000",Minnesota,11.0,70.7,1.0,75.0,66.4
"Well-Woman Visit - Less than $25,000",Mississippi,24.0,65.3,0.22,71.3,59.4
"Well-Woman Visit - Less than $25,000",Missouri,35.0,60.1,-0.53,67.3,52.9
"Well-Woman Visit - Less than $25,000",Montana,37.0,59.6,-0.61,66.9,52.2
"Well-Woman Visit - Less than $25,000",Nebraska,29.0,62.3,-0.22,67.2,57.5
"Well-Woman Visit - Less than $25,000",Nevada,42.0,58.1,-0.82,65.7,50.5
"Well-Woman Visit - Less than $25,000",New Hampshire,39.0,59.1,-0.68,69.2,49.1
"Well-Woman Visit - Less than $25,000",New Jersey,1.0,78.1,2.0,83.7,72.5
"Well-Woman Visit - Less than $25,000",New Mexico,27.0,63.5,-0.04,68.7,58.4
"Well-Woman Visit - Less than $25,000",New York,2.0,74.6,1.56,78.1,71.1
"Well-Woman Visit - Less than $25,000",North Carolina,16.0,67.7,0.56,73.3,62.1
"Well-Woman Visit - Less than $25,000",North Dakota,41.0,58.7,-0.74,67.6,49.7
"Well-Woman Visit - Less than $25,000",Ohio,17.0,67.5,0.53,72.9,62.1
"Well-Woman Visit - Less than $25,000",Oklahoma,39.0,59.1,-0.68,64.8,53.3
"Well-Woman Visit - Less than $25,000",Oregon,45.0,54.7,-1.31,61.2,48.3
"Well-Woman Visit - Less than $25,000",Pennsylvania,7.0,72.3,1.23,78.0,66.6
"Well-Woman Visit - Less than $25,000",Rhode Island,3.0,74.2,1.5,81.8,66.6
"Well-Woman Visit - Less than $25,000",South Carolina,23.0,65.9,0.3,70.4,61.3
"Well-Woman Visit - Less than $25,000",South Dakota,28.0,63.2,-0.09,74.1,52.2
"Well-Woman Visit - Less than $25,000",Tennessee,22.0,66.2,0.35,72.6,59.7
"Well-Woman Visit - Less than $25,000",Texas,48.0,52.0,-1.7,57.5,46.5
"Well-Woman Visit - Less than $25,000",Utah,50.0,48.0,-2.0,54.0,42.0
"Well-Woman Visit - Less than $25,000",Vermont,36.0,59.8,-0.58,67.9,51.6
"Well-Woman Visit - Less than $25,000",Virginia,33.0,61.0,-0.4,66.9,55.0
"Well-Woman Visit - Less than $25,000",Washington,38.0,59.5,-0.62,64.1,54.9
"Well-Woman Visit - Less than $25,000",West Virginia,12.0,70.3,0.94,75.1,65.5
"Well-Woman Visit - Less than $25,000",Wisconsin,25.0,65.0,0.17,73.4,56.6
"Well-Woman Visit - Less than $25,000",Wyoming,49.0,50.4,-1.93,59.9,40.9
"Well-Woman Visit - Less than $25,000",United States,,63.8,,64.9,62.7
"Well-Woman Visit - Less than $25,000",District of Columbia,,85.3,,92.0,78.5
Well-Woman Visit - Less than High School,Alabama,,62.7,,72.5,52.8
Well-Woman Visit - Less than High School,Alaska,,,,,
Well-Woman Visit - Less than High School,Arizona,,57.3,,66.4,48.2
Well-Woman Visit - Less than High School,Arkansas,,62.3,,76.6,48.1
Well-Woman Visit - Less than High School,California,,52.3,,57.5,47.1
Well-Woman Visit - Less than High School,Colorado,,57.8,,65.7,49.9
Well-Woman Visit - Less than High School,Connecticut,,66.5,,77.1,55.9
Well-Woman Visit - Less than High School,Delaware,,58.5,,69.4,47.7
Well-Woman Visit - Less than High School,Florida,,63.5,,71.0,56.0
Well-Woman Visit - Less than High School,Georgia,,68.4,,77.7,59.1
Well-Woman Visit - Less than High School,Hawaii,,,,,
Well-Woman Visit - Less than High School,Idaho,,56.1,,68.3,44.0
Well-Woman Visit - Less than High School,Illinois,,62.8,,72.4,53.2
Well-Woman Visit - Less than High School,Indiana,,54.2,,62.4,46.0
Well-Woman Visit - Less than High School,Iowa,,65.0,,76.6,53.4
Well-Woman Visit - Less than High School,Kansas,,49.1,,57.6,40.7
Well-Woman Visit - Less than High School,Kentucky,,78.3,,88.9,67.6
Well-Woman Visit - Less than High School,Louisiana,,71.2,,82.8,59.5
Well-Woman Visit - Less than High School,Maine,,,,,
Well-Woman Visit - Less than High School,Maryland,,66.4,,76.0,56.8
Well-Woman Visit - Less than High School,Massachusetts,,72.6,,86.1,59.2
Well-Woman Visit - Less than High School,Michigan,,67.3,,78.4,56.1
Well-Woman Visit - Less than High School,Minnesota,,67.7,,75.9,59.6
Well-Woman Visit - Less than High School,Mississippi,,57.3,,71.2,43.4
Well-Woman Visit - Less than High School,Missouri,,58.8,,70.8,46.8
Well-Woman Visit - Less than High School,Montana,,57.0,,72.7,41.3
Well-Woman Visit - Less than High School,Nebraska,,58.1,,65.9,50.3
Well-Woman Visit - Less than High School,Nevada,,52.3,,62.8,41.9
Well-Woman Visit - Less than High School,New Hampshire,,,,,
Well-Woman Visit - Less than High School,New Jersey,,75.7,,84.7,66.8
Well-Woman Visit - Less than High School,New Mexico,,61.0,,69.6,52.4
Well-Woman Visit - Less than High School,New York,,66.8,,72.7,60.9
Well-Woman Visit - Less than High School,North Carolina,,62.9,,72.8,52.9
Well-Woman Visit - Less than High School,North Dakota,,,,,
Well-Woman Visit - Less than High School,Ohio,,57.8,,70.6,45.0
Well-Woman Visit - Less than High School,Oklahoma,,55.2,,65.7,44.7
Well-Woman Visit - Less than High School,Oregon,,50.4,,62.1,38.7
Well-Woman Visit - Less than High School,Pennsylvania,,47.6,,63.9,31.2
Well-Woman Visit - Less than High School,Rhode Island,,68.8,,81.4,56.3
Well-Woman Visit - Less than High School,South Carolina,,73.2,,81.0,65.4
Well-Woman Visit - Less than High School,South Dakota,,59.5,,80.8,38.3
Well-Woman Visit - Less than High School,Tennessee,,57.2,,71.4,42.9
Well-Woman Visit - Less than High School,Texas,,50.0,,58.3,41.7
Well-Woman Visit - Less than High School,Utah,,44.9,,54.6,35.2
Well-Woman Visit - Less than High School,Vermont,,,,,
Well-Woman Visit - Less than High School,Virginia,,60.0,,70.9,49.2
Well-Woman Visit - Less than High School,Washington,,58.1,,65.5,50.7
Well-Woman Visit - Less than High School,West Virginia,,72.8,,81.5,64.1
Well-Woman Visit - Less than High School,Wisconsin,,,,,
Well-Woman Visit - Less than High School,Wyoming,,,,,
Well-Woman Visit - Less than High School,United States,,58.9,,60.9,56.9
Well-Woman Visit - Less than High School,District of Columbia,,82.0,,96.0,67.9
Well-Woman Visit - Multiracial,Alabama,,,,,
Well-Woman Visit - Multiracial,Alaska,,45.5,,64.8,26.2
Well-Woman Visit - Multiracial,Arizona,,61.1,,75.4,46.8
Well-Woman Visit - Multiracial,Arkansas,,,,,
Well-Woman Visit - Multiracial,California,,62.8,,73.8,51.7
Well-Woman Visit - Multiracial,Colorado,,58.7,,72.2,45.1
Well-Woman Visit - Multiracial,Connecticut,,,,,
Well-Woman Visit - Multiracial,Delaware,,,,,
Well-Woman Visit - Multiracial,Florida,,71.2,,86.5,55.8
Well-Woman Visit - Multiracial,Georgia,,,,,
Well-Woman Visit - Multiracial,Hawaii,,63.8,,68.1,59.5
Well-Woman Visit - Multiracial,Idaho,,,,,
Well-Woman Visit - Multiracial,Illinois,,,,,
Well-Woman Visit - Multiracial,Indiana,,64.9,,79.1,50.8
Well-Woman Visit - Multiracial,Iowa,,,,,
Well-Woman Visit - Multiracial,Kansas,,70.1,,80.5,59.6
Well-Woman Visit - Multiracial,Kentucky,,74.8,,91.0,58.6
Well-Woman Visit - Multiracial,Louisiana,,,,,
Well-Woman Visit - Multiracial,Maine,,,,,
Well-Woman Visit - Multiracial,Maryland,,62.0,,74.0,49.9
Well-Woman Visit - Multiracial,Massachusetts,,,,,
Well-Woman Visit - Multiracial,Michigan,,71.3,,80.9,61.7
Well-Woman Visit - Multiracial,Minnesota,,69.4,,81.4,57.4
Well-Woman Visit - Multiracial,Mississippi,,,,,
Well-Woman Visit - Multiracial,Missouri,,,,,
Well-Woman Visit - Multiracial,Montana,,,,,
Well-Woman Visit - Multiracial,Nebraska,,52.1,,68.8,35.4
Well-Woman Visit - Multiracial,Nevada,,,,,
Well-Woman Visit - Multiracial,New Hampshire,,,,,
Well-Woman Visit - Multiracial,New Jersey,,,,,
Well-Woman Visit - Multiracial,New Mexico,,,,,
Well-Woman Visit - Multiracial,New York,,65.5,,77.5,53.4
Well-Woman Visit - Multiracial,North Carolina,,,,,
Well-Woman Visit - Multiracial,North Dakota,,,,,
Well-Woman Visit - Multiracial,Ohio,,71.1,,84.1,58.1
Well-Woman Visit - Multiracial,Oklahoma,,58.7,,71.2,46.2
Well-Woman Visit - Multiracial,Oregon,,51.0,,63.0,39.1
Well-Woman Visit - Multiracial,Pennsylvania,,,,,
Well-Woman Visit - Multiracial,Rhode Island,,,,,
Well-Woman Visit - Multiracial,South Carolina,,63.7,,78.5,48.8
Well-Woman Visit - Multiracial,South Dakota,,,,,
Well-Woman Visit - Multiracial,Tennessee,,,,,
Well-Woman Visit - Multiracial,Texas,,75.0,,90.7,59.4
Well-Woman Visit - Multiracial,Utah,,58.0,,74.4,41.6
Well-Woman Visit - Multiracial,Vermont,,,,,
Well-Woman Visit - Multiracial,Virginia,,60.2,,73.4,47.0
Well-Woman Visit - Multiracial,Washington,,54.1,,63.3,44.9
Well-Woman Visit - Multiracial,West Virginia,,,,,
Well-Woman Visit - Multiracial,Wisconsin,,,,,
Well-Woman Visit - Multiracial,Wyoming,,,,,
Well-Woman Visit - Multiracial,United States,,64.8,,67.7,61.9
Well-Woman Visit - Multiracial,District of Columbia,,,,,
Well-Woman Visit - Other Race,Alabama,,,,,
Well-Woman Visit - Other Race,Alaska,,,,,
Well-Woman Visit - Other Race,Arizona,,,,,
Well-Woman Visit - Other Race,Arkansas,,,,,
Well-Woman Visit - Other Race,California,,,,,
Well-Woman Visit - Other Race,Colorado,,,,,
Well-Woman Visit - Other Race,Connecticut,,,,,
Well-Woman Visit - Other Race,Delaware,,,,,
Well-Woman Visit - Other Race,Florida,,,,,
Well-Woman Visit - Other Race,Georgia,,,,,
Well-Woman Visit - Other Race,Hawaii,,,,,
Well-Woman Visit - Other Race,Idaho,,,,,
Well-Woman Visit - Other Race,Illinois,,,,,
Well-Woman Visit - Other Race,Indiana,,,,,
Well-Woman Visit - Other Race,Iowa,,,,,
Well-Woman Visit - Other Race,Kansas,,,,,
Well-Woman Visit - Other Race,Kentucky,,,,,
Well-Woman Visit - Other Race,Louisiana,,,,,
Well-Woman Visit - Other Race,Maine,,,,,
Well-Woman Visit - Other Race,Maryland,,,,,
Well-Woman Visit - Other Race,Massachusetts,,,,,
Well-Woman Visit - Other Race,Michigan,,,,,
Well-Woman Visit - Other Race,Minnesota,,,,,
Well-Woman Visit - Other Race,Mississippi,,,,,
Well-Woman Visit - Other Race,Missouri,,,,,
Well-Woman Visit - Other Race,Montana,,,,,
Well-Woman Visit - Other Race,Nebraska,,,,,
Well-Woman Visit - Other Race,Nevada,,,,,
Well-Woman Visit - Other Race,New Hampshire,,,,,
Well-Woman Visit - Other Race,New Jersey,,,,,
Well-Woman Visit - Other Race,New Mexico,,,,,
Well-Woman Visit - Other Race,New York,,,,,
Well-Woman Visit - Other Race,North Carolina,,,,,
Well-Woman Visit - Other Race,North Dakota,,,,,
Well-Woman Visit - Other Race,Ohio,,,,,
Well-Woman Visit - Other Race,Oklahoma,,,,,
Well-Woman Visit - Other Race,Oregon,,,,,
Well-Woman Visit - Other Race,Pennsylvania,,,,,
Well-Woman Visit - Other Race,Rhode Island,,,,,
Well-Woman Visit - Other Race,South Carolina,,,,,
Well-Woman Visit - Other Race,South Dakota,,,,,
Well-Woman Visit - Other Race,Tennessee,,,,,
Well-Woman Visit - Other Race,Texas,,,,,
Well-Woman Visit - Other Race,Utah,,,,,
Well-Woman Visit - Other Race,Vermont,,,,,
Well-Woman Visit - Other Race,Virginia,,,,,
Well-Woman Visit - Other Race,Washington,,,,,
Well-Woman Visit - Other Race,West Virginia,,,,,
Well-Woman Visit - Other Race,Wisconsin,,,,,
Well-Woman Visit - Other Race,Wyoming,,,,,
Well-Woman Visit - Other Race,United States,,69.8,,76.5,63.1
Well-Woman Visit - Other Race,District of Columbia,,,,,
Well-Woman Visit - Some College,Alabama,29.0,66.4,-0.13,71.1,61.7
Well-Woman Visit - Some College,Alaska,50.0,50.8,-2.0,60.8,40.8
Well-Woman Visit - Some College,Arizona,42.0,59.0,-1.3,63.8,54.3
Well-Woman Visit - Some College,Arkansas,48.0,53.8,-2.0,62.1,45.5
Well-Woman Visit - Some College,California,20.0,68.6,0.22,72.9,64.2
Well-Woman Visit - Some College,Colorado,46.0,55.6,-1.83,59.7,51.4
Well-Woman Visit - Some College,Connecticut,6.0,72.9,0.9,77.9,67.9
Well-Woman Visit - Some College,Delaware,5.0,73.5,1.0,81.4,65.6
Well-Woman Visit - Some College,Florida,12.0,70.2,0.47,74.1,66.3
Well-Woman Visit - Some College,Georgia,15.0,70.1,0.46,75.5,64.8
Well-Woman Visit - Some College,Hawaii,19.0,68.7,0.24,73.8,63.7
Well-Woman Visit - Some College,Idaho,49.0,53.7,-2.0,60.1,47.3
Well-Woman Visit - Some College,Illinois,31.0,66.2,-0.16,72.0,60.4
Well-Woman Visit - Some College,Indiana,36.0,63.9,-0.52,68.2,59.6
Well-Woman Visit - Some College,Iowa,17.0,69.3,0.33,73.8,64.8
Well-Woman Visit - Some College,Kansas,34.0,64.9,-0.36,68.2,61.6
Well-Woman Visit - Some College,Kentucky,8.0,71.9,0.74,76.4,67.5
Well-Woman Visit - Some College,Louisiana,12.0,70.2,0.47,76.3,64.2
Well-Woman Visit - Some College,Maine,18.0,69.1,0.3,74.4,63.7
Well-Woman Visit - Some College,Maryland,25.0,67.5,0.05,72.2,62.8
Well-Woman Visit - Some College,Massachusetts,2.0,76.2,1.42,82.3,70.0
Well-Woman Visit - Some College,Michigan,23.0,68.0,0.13,71.7,64.2
Well-Woman Visit - Some College,Minnesota,9.0,71.8,0.73,74.7,68.8
Well-Woman Visit - Some College,Mississippi,29.0,66.4,-0.13,72.0,60.9
Well-Woman Visit - Some College,Missouri,28.0,66.7,-0.08,72.5,60.9
Well-Woman Visit - Some College,Montana,37.0,62.0,-0.82,68.8,55.1
Well-Woman Visit - Some College,Nebraska,35.0,64.1,-0.49,68.3,59.8
Well-Woman Visit - Some College,Nevada,22.0,68.2,0.16,75.4,60.9
Well-Woman Visit - Some College,New Hampshire,27.0,66.8,-0.06,74.4,59.1
Well-Woman Visit - Some College,New Jersey,4.0,74.6,1.17,80.4,68.8
Well-Woman Visit - Some College,New Mexico,44.0,58.4,-1.39,64.8,51.9
Well-Woman Visit - Some College,New York,7.0,72.2,0.79,76.1,68.4
Well-Woman Visit - Some College,North Carolina,3.0,74.7,1.18,79.6,69.8
Well-Woman Visit - Some College,North Dakota,43.0,58.5,-1.37,64.2,52.7
Well-Woman Visit - Some College,Ohio,21.0,68.5,0.21,72.9,64.1
Well-Woman Visit - Some College,Oklahoma,26.0,67.3,0.02,71.8,62.7
Well-Woman Visit - Some College,Oregon,40.0,59.9,-1.15,65.4,54.5
Well-Woman Visit - Some College,Pennsylvania,33.0,65.5,-0.27,71.2,59.7
Well-Woman Visit - Some College,Rhode Island,1.0,78.6,1.8,84.6,72.6
Well-Woman Visit - Some College,South Carolina,41.0,59.8,-1.17,64.4,55.2
Well-Woman Visit - Some College,South Dakota,24.0,67.8,0.09,74.8,60.9
Well-Woman Visit - Some College,Tennessee,11.0,71.1,0.62,76.8,65.5
Well-Woman Visit - Some College,Texas,39.0,61.2,-0.95,66.9,55.5
Well-Woman Visit - Some College,Utah,45.0,57.6,-1.52,61.1,54.0
Well-Woman Visit - Some College,Vermont,32.0,66.0,-0.19,72.4,59.5
Well-Woman Visit - Some College,Virginia,10.0,71.5,0.68,76.1,66.9
Well-Woman Visit - Some College,Washington,38.0,61.9,-0.84,65.6,58.2
Well-Woman Visit - Some College,West Virginia,16.0,69.5,0.36,74.2,64.8
Well-Woman Visit - Some College,Wisconsin,12.0,70.2,0.47,75.8,64.6
Well-Woman Visit - Some College,Wyoming,47.0,54.6,-1.99,61.6,47.5
Well-Woman Visit - Some College,United States,,67.2,,68.2,66.2
Well-Woman Visit - Some College,District of Columbia,,85.2,,91.1,79.2
Well-Woman Visit - White,Alabama,39.0,59.7,-0.82,63.1,56.3
Well-Woman Visit - White,Alaska,50.0,48.4,-2.0,54.1,42.7
Well-Woman Visit - White,Arizona,42.0,58.8,-0.98,62.0,55.5
Well-Woman Visit - White,Arkansas,43.0,57.4,-1.23,62.7,52.2
Well-Woman Visit - White,California,23.0,64.5,0.02,67.7,61.3
Well-Woman Visit - White,Colorado,43.0,57.4,-1.23,59.9,54.9
Well-Woman Visit - White,Connecticut,15.0,66.9,0.44,70.0,63.8
Well-Woman Visit - White,Delaware,7.0,69.1,0.82,74.1,64.0
Well-Woman Visit - White,Florida,25.0,63.8,-0.11,66.6,61.1
Well-Woman Visit - White,Georgia,32.0,62.5,-0.33,66.6,58.4
Well-Woman Visit - White,Hawaii,24.0,63.9,-0.09,69.8,58.0
Well-Woman Visit - White,Idaho,49.0,52.1,-2.0,55.7,48.5
Well-Woman Visit - White,Illinois,28.0,63.1,-0.23,66.9,59.2
Well-Woman Visit - White,Indiana,25.0,63.8,-0.11,66.3,61.3
Well-Woman Visit - White,Iowa,16.0,66.8,0.42,69.4,64.2
Well-Woman Visit - White,Kansas,29.0,62.9,-0.26,64.9,60.9
Well-Woman Visit - White,Kentucky,4.0,71.4,1.23,74.0,68.9
Well-Woman Visit - White,Louisiana,20.0,65.4,0.18,69.6,61.1
Well-Woman Visit - White,Maine,11.0,68.1,0.65,71.0,65.2
Well-Woman Visit - White,Maryland,21.0,64.9,0.09,67.9,61.9
Well-Woman Visit - White,Massachusetts,2.0,74.0,1.68,77.0,71.0
Well-Woman Visit - White,Michigan,13.0,67.1,0.47,69.4,64.9
Well-Woman Visit - White,Minnesota,9.0,68.7,0.75,70.4,67.0
Well-Woman Visit - White,Mississippi,35.0,61.5,-0.51,66.0,57.1
Well-Woman Visit - White,Missouri,36.0,61.4,-0.53,64.9,57.9
Well-Woman Visit - White,Montana,37.0,61.3,-0.54,64.9,57.6
Well-Woman Visit - White,Nebraska,34.0,62.0,-0.42,64.4,59.6
Well-Woman Visit - White,Nevada,33.0,62.3,-0.37,67.6,57.0
Well-Woman Visit - White,New Hampshire,13.0,67.1,0.47,70.8,63.3
Well-Woman Visit - White,New Jersey,10.0,68.6,0.74,72.8,64.3
Well-Woman Visit - White,New Mexico,46.0,55.9,-1.49,61.5,50.4
Well-Woman Visit - White,New York,18.0,65.8,0.25,68.2,63.3
Well-Woman Visit - White,North Carolina,4.0,71.4,1.23,74.6,68.1
Well-Woman Visit - White,North Dakota,40.0,59.5,-0.86,62.8,56.2
Well-Woman Visit - White,Ohio,8.0,68.8,0.77,71.4,66.2
Well-Woman Visit - White,Oklahoma,27.0,63.5,-0.16,66.7,60.2
Well-Woman Visit - White,Oregon,45.0,56.7,-1.35,59.8,53.7
Well-Woman Visit - White,Pennsylvania,31.0,62.7,-0.3,65.9,59.5
Well-Woman Visit - White,Rhode Island,1.0,78.9,2.0,82.6,75.1
Well-Woman Visit - White,South Carolina,48.0,54.6,-1.72,57.8,51.5
Well-Woman Visit - White,South Dakota,6.0,69.7,0.93,73.7,65.6
Well-Woman Visit - White,Tennessee,22.0,64.8,0.07,68.3,61.4
Well-Woman Visit - White,Texas,29.0,62.9,-0.26,66.9,58.8
Well-Woman Visit - White,Utah,47.0,54.9,-1.67,57.1,52.8
Well-Woman Visit - White,Vermont,17.0,66.0,0.28,69.3,62.8
Well-Woman Visit - White,Virginia,18.0,65.8,0.25,68.7,62.9
Well-Woman Visit - White,Washington,38.0,60.5,-0.68,62.6,58.3
Well-Woman Visit - White,West Virginia,3.0,72.1,1.35,74.6,69.6
Well-Woman Visit - White,Wisconsin,12.0,67.4,0.53,70.7,64.0
Well-Woman Visit - White,Wyoming,41.0,59.1,-0.93,63.1,55.1
Well-Woman Visit - White,United States,,64.4,,65.0,63.8
Well-Woman Visit - White,District of Columbia,,65.2,,70.3,60.1
